<?xml version="1.0" encoding="utf-8" standalone="yes"?>
<window>
    <id>2012</id>
    <defaultcontrol>3</defaultcontrol>
    <allowoverlay>no</allowoverlay>
    <controls>
        <control>
            <id>0</id>
            <type>image</type>
            <colordiffuse>40ffffff</colordiffuse>
            <width>1280</width>
            <height>720</height>
            <texture>black.png</texture>
        </control>
        <control>
            <id>0</id>
            <type>image</type>
            <posX>206</posX>
            <posY>80</posY>
            <width>970</width>
            <height>457</height>
            <texture>context_background.png</texture>
        </control>
        <control>
            <id>4</id>
            <description>Heading text label</description>
            <type>label</type>
            <posX>258</posX>
            <posY>107</posY>
            <width>650</width>
            <font>font14</font>
            <textcolor>ffffffff</textcolor>
            <label>181</label>
        </control>
        <control>
            <id>5</id>
            <description>GFX-Heading "menu" text label</description>
            <type>label</type>
            <posX>2291</posX>
            <posY>110</posY>
            <width>426</width>
            <font>font14</font>
            <textcolor>ff000000</textcolor>
            <label>924</label>
            <animation effect="Fade" time="250">WindowOpen</animation>
            <animation effect="Fade" time="250">WindowClose</animation>
        </control>
        <control>
            <id>2</id>
            <description>Exit button</description>
            <type>button</type>
            <onleft>666</onleft>
            <onright>3</onright>
            <onup>3</onup>
            <ondown>3</ondown>
            <posX>1078</posX>
            <posY>102</posY>
            <width>50</width>
            <height>50</height>
            <textureFocus>dialogue_shutdown_focus.png</textureFocus>
            <textureNoFocus>dialogue_shutdown_nofocus.png</textureNoFocus>
            <label>-</label>
        </control>
        <control>
            <id>3</id>
            <description>options listcontrol</description>
            <type>listcontrol</type>
            <onleft>2</onleft>
            <onright>666</onright>
            <posX>284</posX>
            <posY>167</posY>
            <width>800</width>
            <height>325</height>
            <spinPosX>977</spinPosX>
            <spinPosY>462</spinPosY>
            <textXOff>88</textXOff>
            <PinIconXOff>60</PinIconXOff>
            <PinIconYOff>10</PinIconYOff>
            <PinIconWidth>40</PinIconWidth>
            <PinIconHeight>25</PinIconHeight>
            <keepaspectratio>yes</keepaspectratio>
            <itemHeight>34</itemHeight>
            <itemWidth>53</itemWidth>
            <IconXOff>17</IconXOff>
            <IconYOff>3</IconYOff>
        </control>
        <control>
            <id>666</id>
            <description>TVwishList</description>
            <type>button</type>
            <visible>plugin.isenabled(TvWishListMP)+[window.isvisible(600)|window.isvisible(601)|window.isvisible(602)|window.isvisible(603)|window.isvisible(9811)|[window.isvisible(6)+string.equals(#selecteditem2)]]</visible>
            <posX>864</posX>
            <posY>133</posY>
            <width>204</width>
            <height>32</height>
            <font>font14</font>
            <hyperlink>70943675</hyperlink>
            <label>#tvwish.label</label>
            <align>left</align>
            <hyperlinkParameter>#(switch(
        eq(#currentmoduleid,'600'), 'NEWTVWISH//TITLE=#TV.Guide.Title//SERIESNUMBER=#TV.Guide.Episode',
        eq(#currentmoduleid,'602'), 'NEWTVWISH//TITLE=#TV.View.title',
        eq(#currentmoduleid,'9811'), 'NEWTVWISH//TITLE=#TVSeries.Series.Pretty_Name',
        eq(#currentmoduleid,'6'), 'NEWTVWISH//TITLE=#selecteditem',
        eq(1,1), 'NEWTVWISH//TITLE=#selecteditem'
        ))</hyperlinkParameter>
        </control>
    </controls>
</window>
