<?xml version="1.0" encoding="utf-8" standalone="yes"?>
<window>
    <id>2012</id>
    <defaultcontrol>3</defaultcontrol>
    <allowoverlay>no</allowoverlay>
    <controls>
        <control>
            <id>0</id>
            <type>image</type>
            <colordiffuse>40ffffff</colordiffuse>
            <width>720</width>
            <height>576</height>
            <texture>black.png</texture>
        </control>
        <control>
            <id>0</id>
            <type>image</type>
            <posX>115</posX>
            <posY>64</posY>
            <width>545</width>
            <height>365</height>
            <texture>context_background.png</texture>
        </control>
        <control>
            <id>4</id>
            <description>Heading text label</description>
            <type>label</type>
            <posX>145</posX>
            <posY>85</posY>
            <width>450</width>
            <font>font14</font>
            <textcolor>ffffffff</textcolor>
            <label>181</label>
        </control>
        <control>
            <id>5</id>
            <description>GFX-Heading "menu" text label</description>
            <type>label</type>
            <posX>1288</posX>
            <posY>88</posY>
            <width>239</width>
            <font>font14</font>
            <textcolor>ff000000</textcolor>
            <label>924</label>
            <animation effect="Fade" time="250">WindowOpen</animation>
            <animation effect="Fade" time="250">WindowClose</animation>
        </control>
        <control>
            <id>2</id>
            <description>Exit button</description>
            <type>button</type>
            <onleft>666</onleft>
            <onright>3</onright>
            <onup>3</onup>
            <ondown>3</ondown>
            <posX>594</posX>
            <posY>81</posY>
            <width>40</width>
            <height>40</height>
            <textureFocus>dialogue_shutdown_focus.png</textureFocus>
            <textureNoFocus>dialogue_shutdown_nofocus.png</textureNoFocus>
            <label>-</label>
        </control>
        <control>
            <id>3</id>
            <description>options listcontrol</description>
            <type>listcontrol</type>
            <onleft>2</onleft>
            <onright>666</onright>
            <posX>159</posX>
            <posY>133</posY>
            <width>450</width>
            <height>260</height>
            <spinPosX>549</spinPosX>
            <spinPosY>369</spinPosY>
            <textXOff>49</textXOff>
            <PinIconXOff>50</PinIconXOff>
            <PinIconYOff>3</PinIconYOff>
            <PinIconWidth>40</PinIconWidth>
            <PinIconHeight>25</PinIconHeight>
            <keepaspectratio>yes</keepaspectratio>
            <itemHeight>27</itemHeight>
            <itemWidth>29</itemWidth>
            <IconXOff>9</IconXOff>
            <IconYOff>2</IconYOff>
        </control>
        <control>
            <id>666</id>
            <description>TVwishList</description>
            <type>button</type>
            <posX>462</posX>
            <posY>83</posY>
            <width>130</width>
            <label>#tvwish.label</label>
            <font>font14</font>
            <align>left</align>
            <hyperlink>70943675</hyperlink>
            <hyperlinkParameter>#(switch(
        eq(#currentmoduleid,'600'), 'NEWTVWISH//TITLE=#TV.Guide.Title//SERIESNUMBER=#TV.Guide.Episode',
        eq(#currentmoduleid,'602'), 'NEWTVWISH//TITLE=#TV.View.title',
        eq(#currentmoduleid,'9811'), 'NEWTVWISH//TITLE=#TVSeries.Series.Pretty_Name',
        eq(#currentmoduleid,'6'), 'NEWTVWISH//TITLE=#selecteditem',
        eq(1,1), 'NEWTVWISH//TITLE=#selecteditem'
        ))</hyperlinkParameter>
            <visible>plugin.isenabled(TvWishListMP)+[window.isvisible(600)|window.isvisible(601)|window.isvisible(602)|window.isvisible(603)|window.isvisible(9811)|[window.isvisible(6)+string.equals(#selecteditem2)]]</visible>
        </control>
    </controls>
</window>
