<?xml version='1.0' encoding='UTF-8'?>
<Language>
  <Section name="unmapped">
  <!--DO NOT CHANGE ENGLISH COMMENTS INTO ANOTHER LANGUAGE-->
  <!--Owner: huha-->
  <!--Version 1.2.1.0
- initial release


Version 1.2.1.5
- added preferred group and episode criteria

Version 1.2.3.0
- added TvWishListMP2 strings - new strings are 100-102, 1108-1109, 1206, 3001, 3104, 3506-3508, 3652-3653, 5000 and up

Version 1.2.3.6
-added string 1110, 4312, 5051-5052, 5204-5216,6203, 7002, 8110-8111, 10000 and up

Version 1.2.3.10
- added 200-201

Version 1.2.3.11
-added 10192-10193,10262

Version 1.2.3.13
-added 2853,1059-1062,3509-->
  <!--TVSERVER VECTORSIZE=5000-->
  <!--MP2 Display in main menu-->
  <String id="100">TvWishList</String>
  <String id="101">TvWish</String>
  <String id="102">Ny TvWish - Sök:</String>
  <!--SlimTv Buttons in MP2-->
  <!-- MP2STR:CreateTvWish -->
  <String id="200">Skapa TvWish</String>
  <!-- MP2STR:AlternatePrograms -->
  <String id="201">Alternativa program</String>
  <!--************************************************************-->
  <!--TV WishList - Main-->
  <!--************************************************************-->
  <String id="1000">TvWishList - Startsida</String>
  <!--Quick Menu from Skins-->
  <String id="1050">TvWishList Snabbmeny</String>
  <String id="1051">Skapa TvWish med titel</String>
  <String id="1052">Skapa TvWish med allt</String>
  <String id="1053">Skapa TvWish med titel och e-post</String>
  <String id="1054">Skapa TvWish med titel utan e-post</String>
  <String id="1055">Skapa TvWish med allt och e-posta</String>
  <String id="1056">Skapa TvWish med allt utan att e-posta</String>
  <String id="1057">Gå till TvWishList startsida</String>
  <String id="1058">Gå till TvWishList resultat</String>
  <String id="1059">Skapa TvWish och sök i TV-tablån</String>
  <String id="1060">Skapa TvWish</String>
  <String id="1061">Utan e-post</String>
  <String id="1062">Med e-post och inspelning</String>
  <!--Buttons-->
  <String id="1100">Utan e-post</String>
  <String id="1101">E-post och inspelning</String>
  <String id="1102">Kör sökning i TV-tablån</String>
  <String id="1103">Visa resultat</String>
  <String id="1104">Ny</String>
  <String id="1105">Spara</String>
  <String id="1106">Avbryt</String>
  <String id="1107">Fler</String>
  <String id="1108">Resultat</String>
  <String id="1109">Med/utan e-post</String>
  <String id="1110">Redigera</String>
  <!--Run EPG Search-->
  <String id="1200">Väntar på att föregående sökning ska bli klar</String>
  <String id="1201">Föregående sökning pågår fortfarande, \n vänta</String>
  <String id="1202">Sökning i TV-tablån pågår - vänta</String>
  <String id="1203">Aktuell körning blev inte \n klar i tid - avbryter</String>
  <String id="1204">Sökningen i TV-tablån är klar</String>
  <String id="1205">Föregående körning blev inte klar i tid - avbryter</String>
  <String id="1206">Anslutningen till TV-server misslyckades - starta om TV-server</String>
  <!--Save-->
  <String id="1300">TvWish data har sparats</String>
  <String id="1301">TvWish data kunde inte sparas</String>
  <!--Cancel-->
  <String id="1400">TvWish data har lästs in igen</String>
  <String id="1401">TvWish data kunde inte läsas in</String>
  <!--More  Menu-->
  <String id="1500">Alla aktiva</String>
  <String id="1501">Inga aktiva</String>
  <String id="1502">Hoppa över alla</String>
  <String id="1503">Hoppa inte över någon!</String>
  <String id="1504">Kopiera TvWishes till e-post</String>
  <String id="1505">Kopiera TvWishes från e-post</String>
  <String id="1506">Flytta planerade inspelningar till TvWishList</String>
  <String id="1507">Exportera</String>
  <String id="1508">Importera</String>
  <!--More  Status-->
  <String id="1550">{0} TvWishes kopierades till e-post</String>
  <String id="1551">Misslyckades med att kopiera TvWishes till e-post</String>
  <String id="1552">{0} TvWishes kopierades från e-post</String>
  <String id="1553">Misslyckades med att kopiera TvWishes från e-post</String>
  <String id="1554">{0} planerade inspelningar flyttades till TvWishList</String>
  <String id="1555">Misslyckades med att flytta planerade inspelningar till TvWishList</String>
  <String id="1556">Klar med export av {0} TvWwishes</String>
  <String id="1557">Misslyckades med export</String>
  <String id="1558">Klar med import av {0} TvWishes</String>
  <String id="1559">Misslyckades med import</String>
  <!--++++++++++++++-->
  <!--Formats   Main-->
  <!--++++++++++++++-->
  <!--TvWish Format Data 1900 - 1905:
        //  {0}   active
        //  {1}   searchfor
        //  {2}   matchtype
        //  {3}   group
        //  {4}   recordtype
        //  {5}   action
        //  {6}   exclude
        //  {7}   viewed counter
        //  {8}   prerecord
        //  {9}   postrecord
        //  {10}  episodename
        //  {11}  episodepart
        //  {12}  episodenumber
        //  {13}  seriesnumber
        //  {14}  keepepisodes
        //  {15}  keepuntil
        //  {16}  recommendedcard
        //  {17}  priority
        //  {18}  aftertime
        //  {19}  beforetime
        //  {20}  afterdays
        //  {21}  beforedays
        //  {22}  channel
        //  {23}  skip
        //  {24}  name
        //  {25}  useNameFolders
        //  {26}  within next hours
        //  {27}  scheduled counter
        //  {28}  tvwish id
        //  {29}  recorded counter
        //  {30}  deleted counter
        //  {31}  emailed counter
        //  {32}  conflicts counter
        //  {33}  episodecriteria
        //  {34}  preferredgroup
        //  {35}  includerecordings
        //  <br>     new line
        //  |      item selector for not displaying user disabled items-->
  <!--Main Menu Format for 16:9 skins Email Mode-->
  <String id="1900">Aktiva: {0}\n|Namn: {24}\n|Sök efter: {1}\n|Matcha: {2}\n|Uteslut: {6}\n|Typ: {4}\n|Åtgärd: {5}\n|Hoppa över upprepade: {23}\n|Föredra grupp: {34}\n|och inkludera inspelningar: {35}\n|Räknare:\nPlanerade inspelningar={27}\nInspelade={29}\nBorttagna={30}\nE-postade={31}\nKonflikter={32}\n|\nEndast grupp: {3} och endast kanal: {22}\n|efter eller på dag: {20} men före eller på dag: {21}\n|mellan klockan: {18} och {19}\n\n|Avsnitt urval: {33}\n|Avsnitt namn: {10}\n|Avsnitt del: {11}\n|Avsnitt nummer: {12}\n|Spara avsnitt: {14}\n|Spara tills: {15}\n|Prioritet: {17}\n|Före inspelning:{8}\n|Efter inspelning: {9}\n|Rekommenderat kort: {16}\n|Flytta inspelning till mapp: {25}\n|ID={28}\n</String>
  <!--Main Menu Format for 4:3 skins Email Mode-->
  <String id="1902">Aktiva: {0}     |namn: {24}     Sök efter: {1}     |matcha: {2}     |uteslut: {6}     |Typ: {4}     |Åtgärd: {5}     |hoppa över upprepade: {23}     |föredra grupp: {34}     |och inkludera inspelningar: {35}\n|Räknare:  Planerade inspelningar={27}  Inspelade={29}  Borttagna={30}  E-postade={31}  Konflikter={32}\n|Endast grupp: {3} och endast kanal: {22} |efter eller på dag: {20} men före eller på dag: {21} |mellan klockan: {18} och {19}\n|Avsnitt urval: {33}     |Avsnitt namn: {10}     |avsnitt del: {11}     |avsnitt nummer: {12}     |spara avsnitt: {14}     |spara tills: {15}      |prioritet: {17}\n|före inspelning: {8}      |efter inspelning: {9}     |Rekommendetat kort: {16}     |flytta inspelning till mapp: {25}\n|ID={28}\n</String>
  <!--Main Menu Format for 16:9 skins View Only Mode-->
  <String id="1901">Aktiva: {0}\n|Namn: {24}\n|Sök efter: {1}\n|Matcha: {2}\n|Uteslut: {6}\n|Typ: {4}\n|Träffar: {7}\n|\nEndast grupp: {3} och endast kanal: {22}\n|Efter eller på dag: {20} men före eller på dag: {21}\n|Mellan klockan: {18} och {19}\n|Visa endast de närmaste  {26} timmarna\n|Avsnitt namn: {10}\n|Avsnitt del: {11}\n|Avsnitt nummer: {12}\n|ID={28}\n</String>
  <!--Main Menu Format for 4:3 skins View Only Mode-->
  <String id="1903">Aktiva: {0}     |Namm: {24}    |Sök efter: {1}     |Matcha: {2}     |Uteslut: {6}     |Typ: {4}     |Träffar: {7}\n|Endast grupp: {3} och endast kanal: {22} |efter eller på dag: {20} men före eller på dag: {21} |mellan klockan: {18} och {19}     |Visa endast de närmaste {26} timmarna\n|Avsnitt namm: {10}     |Avsnitt del: {11}     |Avsnitt nummer: {12}\n|ID={28}\n</String>
  <!--List Item Format Email Mode -  use "||" to change alignment between left and right border-->
  <String id="1904">{24} || {27}/{29}</String>
  <!--List Item Format ViewOnly Mode-->
  <String id="1905">{24} || {7}</String>
  <!--************************************************************-->
  <!--TV WishList - Edit-->
  <!--************************************************************-->
  <!--TVSERVER USE FROM=2000 TO=4900 OFFSET_FROM=2000 OFFSET_TO=4900-->
  <String id="2000">Inmatning av TvWishList</String>
  <!--Buttons-->
  <String id="2100">Startmeny</String>
  <String id="2101">Föregående</String>
  <String id="2102">Nästa</String>
  <String id="2103">Ny</String>
  <String id="2104">Ta bort</String>
  <String id="2105">Spara</String>
  <String id="2106">Avbryt alla</String>
  <String id="2107">Fler</String>
  <!--Delete-->
  <String id="2200">TvWish har tagits bort</String>
  <String id="2201">Fel: TvWish data kunde inte tas bort</String>
  <!--Save-->
  <String id="2300">TvWish data har sparats</String>
  <String id="2301">Fel: TvWish data kunde inte sparas</String>
  <!--Cancel-->
  <String id="2400">TvWish data har lästs in igen</String>
  <String id="2401">TvWish data kunde inte läsas in igen</String>
  <!--More  Menu-->
  <String id="2450">Alla objekt</String>
  <String id="2451">Användardefinierade objekt</String>
  <String id="2452">Visa endast ett resultat</String>
  <String id="2453">Kopierar TvWish</String>
  <String id="2454">{0} TvWishes kopierade</String>
  <String id="2455">Misslyckades med att kopiera TvWishes</String>
  <String id="2456">Klona TvWish</String>
  <String id="2457">TvWish klonades</String>
  <String id="2458">Misslyckades med att klona TvWish</String>
  <!--Edit List Items-->
  <String id="2500">Aktiv: {0}</String>
  <String id="2501">Sök efter: {0}</String>
  <String id="2502">Matchar som: {0}</String>
  <String id="2503">Använd endast grupp: {0}</String>
  <String id="2504">Spela in som:{0}</String>
  <String id="2505">och utför åtgärd: {0}</String>
  <String id="2506">men uteslut: {0}</String>
  <String id="2507">Träffar: {0} (Nollställ träffar)</String>
  <String id="2508">Spela in {0} minuter före</String>
  <String id="2509">och spela in  {0} minuter efter</String>
  <String id="2510">Filter för avsnitt: {0}</String>
  <String id="2511">Filter för del: {0}</String>
  <String id="2512">Filter för nummer: {0}</String>
  <String id="2513">Filter för Serienummer: {0}</String>
  <String id="2514">Spara: {0} inspelningar</String>
  <String id="2515">Till: {0} </String>
  <String id="2516">Rekommenderat kort är: {0}</String>
  <String id="2517">Sätt prioritet till: {0} (Min 0, Max 9)</String>
  <String id="2518">Efter klockan: {0}</String>
  <String id="2519">och före klockan:{0}</String>
  <String id="2520">Efter och på veckodag: {0}</String>
  <String id="2521">Före och på veckodag: {0}</String>
  <String id="2522">och endast kanal: {0}</String>
  <String id="2523">Hoppa över upprepade avsnitt: {0}</String>
  <String id="2524">Namn: {0}</String>
  <String id="2525">Flytta inspelningar till mapp: {0}</String>
  <String id="2526">Visa endast inom de närmaste {0} timmarna</String>
  <String id="2533">Använd urvalskriterier för matchning av avsnitt: {0}</String>
  <String id="2534">Föredragen kanalgrupp: {0} </String>
  <String id="2535">Inkluderar inspelningar: {0}</String>
  <!--MatchType-->
  <String id="2600">Del av titel</String>
  <String id="2601">Exakt titel</String>
  <String id="2602">Del av text</String>
  <String id="2603">Ord i titel</String>
  <String id="2604">Ord i text</String>
  <String id="2605">Ord i text eller titel</String>
  <String id="2606">Uttryck</String>
  <!--RecordType-->
  <String id="2650">Endast en gång</String>
  <String id="2651">Alla</String>
  <String id="2652">Alla på samma kanal</String>
  <String id="2653">Alla på samma kanal på samma dag</String>
  <String id="2654">Alla på samma kanal vid samma tid</String>
  <String id="2655">Alla på samma kanal på samma dag och vid samma tid</String>
  <!--Action-->
  <String id="2700">Spela in</String>
  <String id="2701">E-post</String>
  <String id="2702">E-posta och spela in</String>
  <String id="2703">Vy</String>
  <!--Days-->
  <String id="2750">måndag</String>
  <String id="2751">tisdag</String>
  <String id="2752">onsdag</String>
  <String id="2753">torsdag</String>
  <String id="2754">fredag</String>
  <String id="2755">lördag</String>
  <String id="2756">söndag</String>
  <!--Dialog Headers for Edit Items-->
  <String id="2800">Aktiv</String>
  <String id="2801">Sök efter</String>
  <String id="2802">Typ av matchning</String>
  <String id="2803">Grupp</String>
  <String id="2804">Typ av inspelning</String>
  <String id="2805">Åtgärd</String>
  <String id="2806">Uteslut</String>
  <String id="2807">Träffar</String>
  <String id="2808">Tid före inspelning</String>
  <String id="2809">Tid efter inspelning</String>
  <String id="2810">Avsnitt namn</String>
  <String id="2811">Avsnitt del</String>
  <String id="2812">Avsnitt nummer</String>
  <String id="2813">TV-serienummer</String>
  <String id="2814">Spara avsnitt</String>
  <String id="2815">Spara tills</String>
  <String id="2816">Rekommenderat kort</String>
  <String id="2817">Prioritet</String>
  <String id="2818">Efer klockan</String>
  <String id="2819">Före klockan</String>
  <String id="2820">Efter datum</String>
  <String id="2821">Före datum</String>
  <String id="2822">Kanal</String>
  <String id="2823">Hoppa över</String>
  <String id="2824">Namn</String>
  <String id="2825">Flytta inspelningar till mapp</String>
  <String id="2826">Visa endast de närmaste timmarna</String>
  <String id="2833">Ändra kriterier för matchning av avsnitt</String>
  <String id="2834">Föredragen kanalgrupp</String>
  <String id="2835">Inkluderar inspelningar</String>
  <!--Use Name Folder-->
  <String id="2850">Avsnitt</String>
  <String id="2851">TvWish Namn</String>
  <String id="2852">Inga</String>
  <String id="2853">Automatisk</String>
  <!--Keep Until-->
  <String id="2900">Alltid</String>
  <String id="2901">Dagar efter inspelning</String>
  <String id="2902">Veckor efter inspelning</String>
  <String id="2903">Månader efter inspelning</String>
  <String id="2904">Datum</String>
  <String id="2905">Sedd(a)</String>
  <String id="2906">Utrymme krävs</String>
  <String id="2920">{0} dagar efter inspelning</String>
  <String id="2921">{0} veckor efter inspelning</String>
  <String id="2922">{0} månader efter inspelning</String>
  <!--DO NOT CHANGE FORMAT in 2923-->
  <String id="2923">YYYY-MM-DD</String>
  <!--Change episode matching criteria-->
  <String id="2950">Hoppa över matchande beskrivningar i TV-tablån?(Ja)</String>
  <String id="2951">Hoppa över matchande beskrivningar i TV-tablån?(Nej)</String>
  <String id="2952">Hoppa över matchande namn och del på avsnitt?(Ja)</String>
  <String id="2953">Hoppa över matchande namn och del på avsnitt?(Nej)</String>
  <String id="2954">Hoppa över matchande nummer på TV-serie och avsnitt? (Ja)</String>
  <String id="2955">Hoppa över matchande nummer på TV-serie och avsnitt? (Nej)</String>
  <String id="2960">Beskr.</String>
  <String id="2961">Namn</String>
  <String id="2962">Nummer</String>
  <String id="2970">Slå på alla urvalskriterier</String>
  <String id="2971">Slå av alla urvalskriterier</String>
  <!--************************************************************-->
  <!--TV WishList - View Results-->
  <!--************************************************************-->
  <String id="3000">TvWishList - Resultat</String>
  <String id="3001">Program</String>
  <!--Buttons-->
  <String id="3100">Startmeny</String>
  <String id="3101">Uppdatera</String>
  <String id="3102">Sortera</String>
  <String id="3103">Filtrera</String>
  <String id="3104">Sorteringsordning</String>
  <!--Sort Menu-->
  <String id="3200">Sorteringsmeny</String>
  <String id="3201">Titel</String>
  <String id="3202">Start</String>
  <String id="3203">Skapad</String>
  <String id="3204">Genre</String>
  <String id="3205">Klassificering</String>
  <String id="3206">Föräldrabetyg</String>
  <String id="3207">Betyg</String>
  <String id="3208">Typ</String>
  <String id="3209">Meddelande</String>
  <String id="3210">Sökord</String>
  <String id="3211">Avsnitt namn</String>
  <String id="3212">Avsnitt nummer</String>
  <String id="3213">Avsnitt del</String>
  <!--Filter Menu-->
  <String id="3250">Filtermeny</String>
  <String id="3251">Vy</String>
  <String id="3252">Ingen vy</String>
  <String id="3253">E-postade</String>
  <String id="3254">Inga e-postade</String>
  <String id="3255">Planerade</String>
  <String id="3256">Inga planerade</String>
  <String id="3257">Inspelade</String>
  <String id="3258">Inga inspelade</String>
  <String id="3259">Borttagna</String>
  <String id="3260">Inga borttagna</String>
  <String id="3261">Konflikter</String>
  <String id="3262">Inga konflikter</String>
  <String id="3263">Alla</String>
  <String id="3264">Inga</String>
  <!--Item Menu-->
  <String id="3500">Gå till TV</String>
  <String id="3501">Ta bort planerade</String>
  <String id="3502">Planerade</String>
  <String id="3503">Ta bort meddelande</String>
  <String id="3504">Ta bort inspelning och film</String>
  <String id="3505">Gå till inspelningar</String>
  <String id="3506">Gå till videor</String>
  <String id="3507">Gå till TV-serier</String>
  <String id="3508">Gå till TV-tablå</String>
  <String id="3509">Spela upp</String>
  <!--Item Status-->
  <String id="3600">Lagt till planerad inspelning</String>
  <String id="3601">Misslyckades med att lägga till planerad inspelnng</String>
  <String id="3602">Planerad inspelning har tagits bort</String>
  <String id="3603">Misslyckades med att ta bort planerad inspelning</String>
  <String id="3604">Meddelande har tagits bort</String>
  <String id="3605">Misslyckades med att ta bort medelande</String>
  <String id="3606">Inspelning har tagits bort</String>
  <String id="3607">Mislyckades med att ta bort inspelning</String>
  <String id="3608">Vill du verkligen ta bort filen?</String>
  <!--Message Changes-->
  <String id="3650">Filen {0} har storleken {1} GB</String>
  <String id="3651">Filen har tagits bort</String>
  <String id="3652">Sorteringsordning är stigande</String>
  <String id="3653">Sorteringsordning är fallande</String>
  <!--++++++++++++++-->
  <!--Formats   View-->
  <!--++++++++++++++-->
  <!--Message Format Data 3900-3905:
        //  {0}  Title
        //  {1}  Description
        //  {2}  Channel
        //  {3}  Start
        //  {4}  End
        //  {5}  EpisodeName
        //  {6}  EpisodeNum
        //  {7}  EpisodeNumber
        //  {8}  EpisodePart
        //  {9}  Genre
        //  {10} Classification
        //  {11} OriginalAirDate
        //  {12} ParentalRating
        //  {13} SeriesNum
        //  {14} StarRating
        //  {15} type
        //  {16} channel_id
        //  {17} created
        //  {18} searchstring
        //  {19} tvwish_id
        //  {20} recording_id
        //  {21} Message   
        //  <br>   new line-->
  <!--Found Format for 16:9 skins Email Mode-->
  <String id="3900">{21}\nTitel: {0}\nKanal: {2}\nStartar: {3}\nSlutar: {4}\nTyp: {15}\nBeskrivning: {1}\n\nGenre: {9}\nKlassificering: {10}\nFöräldrabetyg: {12}\nBetyg: {14}\nAvsnitt del: {8}\nAvsnitt namn: {5}\nAvsnitt nummer: {6}\nSökt av: {18} den {17}\n\n</String>
  <!--Found Format for 4:3 skins Email Mode-->
  <String id="3902">{21}     Titel: {0}     kanal: {2}     start: {3}     slut: {4}     typ: {15}\nbeskrivning: {1}\ngenre: {9}     klassificering: {10}     föräldrabetyg: {12}     betyg: {14}     avsnitt del: {8}     avsnitt namn: {5}     avsnitt nummer: {6}     sökt av: {18} på {17}\n</String>
  <!--Found Format for 16:9 skins View Only Mode-->
  <String id="3901">{21}\ntitel: {0}\nkanal: {2}\nstart: {3}v\nslut: {4}\ntyp: {15}\nbeskrivning: {1}\n\ngenre: {9}\nklassificering: {10}\nföräldrabetyg: {12}\nbetyg: {14}\navsnitt del: {8}\navsnitt namn: {5}\navsnitt nummer: {6}\nsökt av: {18} på {17}\n\n</String>
  <!--Found Format for 4:3 skins View Only Mode-->
  <String id="3903">{21}     titel: {0}     kanal: {2}     start: {3}     slut: {4}    typ: {15}\nbeskrivning: {1}\ngenre: {9}     klassificering: {10}     föräldrabetyg: {12}     betyg: {14}     avsnitt del: {8}     avsnitt namn: {5}     avsnitt nummer: {6}     sökt av: {18} på {17}\n</String>
  <!--List Item Format Email Mode - use "||" to change alignment between left and right border-->
  <String id="3904">{0} || {3}</String>
  <!--List Item Format ViewOnly Mode-->
  <String id="3905">{0} || {3}</String>
  <!--************************************************************-->
  <!--General-->
  <!--************************************************************-->
  <!--Bool-->
  <String id="4000">sant</String>
  <String id="4001">falskt</String>
  <!--Default Data TvWish-->
  <String id="4100">Någon</String>
  <String id="4101">Alltid</String>
  <String id="4102">Anpassad</String>
  <String id="4103">Inga</String>
  <String id="4104">Alla kanaler</String>
  <String id="4105">Alla</String>
  <!--Mode Header-->
  <String id="4200">E-posta och spela in</String>
  <String id="4201">Utan e-post</String>
  <!--Errors-->
  <String id="4300">Kontrollera MediaPortal Logfilen</String>
  <String id="4301">Hittade inga objekt</String>
  <String id="4302">Fel vid skapande av lista med objekt</String>
  <String id="4303">Inga nummer</String>
  <String id="4304">Ogiltigt format</String>
  <String id="4305">Fel</String>
  <String id="4306">TvWishList MediaPortal Plugin  \nMatchar inte TvWishList TV Server Plugin</String>
  <String id="4307">Inspelningsmapp måste ändras till avsnittsmapp</String>
  <String id="4308">Inspelningstyp måste ändras till Alla</String>
  <String id="4309">Behåll antal avsnitt måste ändras till Alla</String>
  <String id="4310">Flytta planerade inspelningar fungerar endast för e-postade </String>
  <String id="4311">TvWishList bearbetas av en annan process\nFörsök igen senare\nOm den andra processen inte blir klar\nså starta om systemet \neller stoppa tv server manuellt</String>
  <String id="4312">Timeout fel: Försök att starta om din server.\nOm den händer igen så öka värdet för timeout under expertinställningar</String>
  <!--Others-->
  <String id="4400">Info</String>
  <String id="4401">Varning</String>
  <String id="4402">Ja</String>
  <String id="4403">Nej</String>
  <String id="4404">Alla TvWishes</String>
  <String id="4405">TvWish: {0}</String>
  <!--++++++++++++++-->
  <!--Formats   View-->
  <!--++++++++++++++-->
  <!--Date Time Format for all modules
        //   {0:0000} year
        //   {1:00}   month
        //   {2:00}   day
        //   {3:00}   hour
        //   {4:00}   minute
        //   {5:00}   second
        //   {6}      timeofday
        //   {7}      date-->
  <String id="4900">{1:00}/{2:00} vid {3:00}:{4:00}</String>
  <!--************************************************************-->
  <!--Config Main MP2-->
  <!--************************************************************-->
  <!-- MP2STR:ConfigMain_GUI -->
  <String id="5000">Huvudinställningar</String>
  <!-- MP2STR:ConfigMain_GUI_Help -->
  <String id="5001">Konfigurera huvudinställningar</String>
  <!-- MP2STR:ConfigTvserver -->
  <String id="5050">Innan du kan använda MediaPortal pluginen så måste du konfigurera  och testa TvWishList Tvserver pluginen</String>
  <String id="5051">Innan du kan använda MediaPortal pluginen så måste du </String>
  <String id="5052">konfigurera  och testa TvWishList Tvserver pluginen</String>
  <!-- MP2STR:CancelButtonText -->
  <String id="5100">Avbryt</String>
  <!-- MP2STR:SaveButtonText -->
  <String id="5101">spara</String>
  <!-- MP2STR:HelpButtonText -->
  <String id="5102">Hjälp</String>
  <!-- MP2STR:Verbose -->
  <String id="5200">Avlusa</String>
  <!-- MP2STR:DisableQuickMenu -->
  <String id="5201">Inaktivera TvWish snabbmeny</String>
  <!-- MP2STR:TimeOut -->
  <String id="5202">Timeout</String>
  <!-- MP2STR:TimeOutDescription -->
  <String id="5203">Ändra timeoutvärdet, 60, endast om du har fått timeoutfel</String>
  <!-- MP2STR:SaveToTvServer -->
  <String id="5204">Detta kommer att spara dina klientinställning på TVserver</String>
  <!-- MP2STR:LoadFromTvServer -->
  <String id="5205">Dina klientinställningar kommer att läsas in från TVserver</String>
  <!-- MP2STR:DisableInfoWindows -->
  <String id="5206">Inaktivera fönster för informationsmeddelanden</String>
  <!-- MP2STR:Load -->
  <String id="5207">Läs in</String>
  <!-- MP2STR:SaveLoad -->
  <String id="5208">Spara/hämta Klientinställningar på/från från TV-server</String>
  <!-- MP2STR:SaveQuestion -->
  <String id="5209">Vill du spara klientinställningarna på TV-server och ersätta de tidigare inställningarna</String>
  <!-- MP2STR:LoadQuestion -->
  <String id="5210">Vill du hämta klientinställningarna från TV-server och ersätta de aktuella klientinställningarna</String>
  <!-- MP2STR:SaveToTV -->
  <String id="5211">Spara på TV-server</String>
  <!-- MP2STR:LoadFromTV -->
  <String id="5212">Hämta från TV-server</String>
  <!-- MP2STR:LoadComplete -->
  <String id="5213">Klientinställningar har hämtats från TV-server</String>
  <!-- MP2STR:LoadError -->
  <String id="5214">Klientinställningar kunde inte hämtas från TV-server</String>
  <!-- MP2STR:SaveComplete -->
  <String id="5215">Klientinställningar har sparats på TV-server</String>
  <!-- MP2STR:SaveError -->
  <String id="5216">Klientinställningar kunde inte sparas på TV-server</String>
  <!--************************************************************-->
  <!--Config Filter MP2-->
  <!--************************************************************-->
  <!-- MP2STR:ConfigFilter_GUI -->
  <String id="6000">Konfigurering av filter</String>
  <!-- MP2STR:ConfigFilter_GUI_Help -->
  <String id="6001">Konfigurera inställningar för filter. Alla valda objekt kan redigeras som en TvWish. Inaktiverade objekt använder standardvärden.</String>
  <!-- MP2STR:SelectItemLabel -->
  <String id="6100">Välj de objekt som du vill redigera.</String>
  <!-- MP2STR:UnSelectItemLabel -->
  <String id="6101">Inaktiverade objekt kan inte redigeras som en TvWish och kommer att använda standardvärden</String>
  <!-- MP2STR:AllButtonText -->
  <String id="6200">Alla</String>
  <!-- MP2STR:NoneButtonText -->
  <String id="6201">Inga</String>
  <!-- MP2STR:DefaultsButtonText -->
  <String id="6202">Standardvärden</String>
  <!-- MP2STR:DefaultsQuestion -->
  <String id="6203">Återställning till standardvärden kommer att ersätta alla värden i alla flikar, och även ersätta dina egna standardvärden - vill du fortsätta?</String>
  <!--************************************************************-->
  <!--Config Defaults MP2-->
  <!--************************************************************-->
  <!-- MP2STR:ConfigDefaults_GUI -->
  <String id="7000">Konfigurering av standardvärden</String>
  <!-- MP2STR:ConfigDefaults_GUI_Help -->
  <String id="7001">Konfigurera standardvärden.  Dessa värden kommer att användas för varje ny TvWish. Inaktiverade objekt kommer att tilldelas standardvärden</String>
  <String id="7002">Standardkontroll</String>
  <!--************************************************************-->
  <!--Config Formats MP2-->
  <!--************************************************************-->
  <!-- MP2STR:ConfigFormats_GUI -->
  <String id="8000">Konfigurering av format</String>
  <!-- MP2STR:ConfigFormats_GUI_Help -->
  <String id="8001">Konfigurera formatinställningar. Tomma format använder de  format som finns i språkfilerna</String>
  <!-- MP2STR:DateAndTimeFormat -->
  <String id="8100">Format på datum och tid.</String>
  <!-- MP2STR:MainItemFormat -->
  <String id="8101">Format på objekt i startmenyn</String>
  <!-- MP2STR:ResultItemFormat -->
  <String id="8102">Format på objekt i resultatmenyn</String>
  <!-- MP2STR:MainTextBoxFormat -->
  <String id="8103">Format på textrutor i startmenyn</String>
  <!-- MP2STR:ResultTextBoxFormat -->
  <String id="8104">Format på textrutor i resultatmenyn</String>
  <!-- MP2STR:GroupboxGeneral -->
  <String id="8105">Allmänna format</String>
  <!-- MP2STR:GroupboxListItemFormats -->
  <String id="8106">Format på objekt i listor</String>
  <!-- MP2STR:GroupboxEmailAndRecordModus -->
  <String id="8107">E-post a och spela in</String>
  <!-- MP2STR:GroupboxViewOnlyModus -->
  <String id="8108">Visa endast</String>
  <!-- MP2STR:FormatExpertLabel -->
  <String id="8109">Format bör endast ändras av experter. Tomma format använder de  format som finns i språkfilerna</String>
  <String id="8110">Format bör endast ändras av experter. </String>
  <String id="8111">Tomma format använder de  format som finns i språkfilerna</String>
  <!--************************************************************-->
  <!--TV Server Run EPG Messages-->
  <!--************************************************************-->
  <!--TVSERVER USE FROM=10000 TO=10300 OFFSET_FROM=0 OFFSET_TO=300-->
  <String id="10001">Väntar på att  tidigare jobb {0} ska bli klara</String>
  <String id="10002">Fel: TvWishList blev inte klar med tidigare jobben - starta om din dator</String>
  <String id="10003">Läser datainställningar</String>
  <String id="10004">Läser in meddelanden</String>
  <String id="10005">Läser in TVWish</String>
  <String id="10006">Söker efter {0}</String>
  <String id="10007">Skickar e-post till {0}</String>
  <String id="10008">Fel: Ingen Smtp Server är definierad</String>
  <String id="10009">Fel: Inget användarnamn är definierat</String>
  <String id="10010">Fel: Inget lösenord är definierat</String>
  <String id="10011">Fel: Ingen mottagaradress för e-post  är definierad</String>
  <String id="10012">Fel: Ogiltiga inställningar för leverantör</String>
  <String id="10013">Fel: Serveradressen är inte specificerad</String>
  <String id="10014">Fel: Misslyckades med att ansluta till POP3 server</String>
  <String id="10015">Fel: Ingen Smtp port är definierad</String>
  <String id="10016">E-post svar är skickat</String>
  <String id="10017">Fel: Misslyckades med att skicka e-post svar - kontrollera användarnamnet </String>
  <String id="10018">Fel: Misslyckades med att skicka e-post svar - kontrollera lösenordet</String>
  <String id="10019">Fel: Misslyckades med att skicka e-post svar</String>
  <String id="10020">Klar</String>
  <String id="10021">Bearbetar TV-tablå data {0} på {1} vid {2}</String>
  <String id="10022">Bearbetar inspelning {0} vid {1}</String>
  <String id="10023">Fel: Ditt lösenord är fel och har återställts - skriv in lösenordet igen</String>
  <String id="10024">Allvarligt fel: Kontrollera loggfilen</String>
  <String id="10025">Fel i SQL-frågan - kontrollera uttrycket {0}</String>
  <!--************************************************************-->
  <!--TV Server Message  Creation-->
  <!--************************************************************-->
  <String id="10050">Den planerade inspelningen {0} saknade giltiga TV-tablå data men kunde rättas till</String>
  <String id="10051">Den planerade inspelningen {0} saknar giltiga TV-tablå data - kontrollera om dina planerade inspelningar har konflikter</String>
  <String id="10052">Den planerade inspelningen {0} saknar giltiga TV-tablå data - kontrollera om dina planerade inspelningar har konflikter</String>
  <String id="10053">TV-tablå data är ändrade avsnitt/beskrivning eller tid - den planerade inspelningen tas bort och en omplanering av inspelningen sker</String>
  <String id="10054">Konflikt i den planerade inspelningen måste lösas manuellt</String>
  <String id="10055">Utesluter programmet {0} på grund av uteslutande filtervillkor {1} </String>
  <String id="10056">Utesluter programmet {0} på grund av ordkontroll filtervillkor </String>
  <String id="10057">Utesluter programmet {0} på grund av ordkontroll filtervillkor</String>
  <String id="10058">Maximalt antal ({0}) program hittade - ytterligare matchningar ignoreras</String>
  <String id="10059">{0} med {1} GB</String>
  <String id="10060">Misslyckades med att lägga till program {0}</String>
  <String id="10061">Misslyckades med planera inspelning av program {0}</String>
  <String id="10062">Programmet {0} är redan planerat att spelas in</String>
  <String id="10063">Hoppar över programmet {0} ty det är inte mellan {1} och {2}</String>
  <String id="10064">Hoppar över programmet {0} ty det är inte mellan {1} och {2}</String>
  <String id="10065">Hoppar över programmet {0} ty det är inte inom de närmaste {1} timmarna</String>
  <String id="10066">Hoppar över programmet {0} ty det matchar inte flitret {1} för begärd kanal</String>
  <String id="10067">Hoppar över programmet {0} ty det matchar inte den begärda avsnittsdelen {1}</String>
  <String id="10068">Hoppar över programmet {0} ty det matchar inte den begärda avsnittsnamnet {1}</String>
  <String id="10069">Hoppar över programmet {0} ty det matchar inte det begärda TV-serienumret {1}</String>
  <String id="10070">Hoppar över programmet {0} ty det matchar inte det begärda avsnittsnumret {1}</String>
  <String id="10071">Programmet {0} är redan inspelat</String>
  <String id="10072">Programmet {0} är redan borttaget och hoppas över</String>
  <String id="10073">Starttiden för programmet {0} är passerad - hoppar över inspelningen</String>
  <String id="10074">Hittade upprepad inspelning {0}  - hoppar över inspelningen</String>
  <String id="10075">Programmet {0} har konflikter och kommer inte att spelas in</String>
  <String id="10076">Tar bort planerad inspelning {0} på grund av lägre prioritet</String>
  <String id="10077">Den planerade inspelningen {0} har inte tillräckligt hög prioritet för att ta bort konflikter - hoppar över inspelningen</String>
  <String id="10078">Hittade en bättre planerad inspelning i den föredragna gruppen</String>
  <String id="10079">TvWishList hittade program från TvWish [{0}]: {1}\nTvWishList planerade inspelning av programmet</String>
  <String id="10080">TvWishList hittade program från TvWish [{0}]: {1}\nTvWishList planerade inte inspelning av programmet, påminner dig om programmet</String>
  <!--Email Format Default - will be sent with each email for a found program (use format entries from message format at 3900)-->
  <String id="10090">Ny planerad inspelning\nTitel={0}\nBeskrivning={1}\nKanal={2}\nStart={3}\nSlut={4}\nTyp={15}\nSkapad={17}\n\n\n</String>
  <String id="10091">{1:00}/{2:00} kl {3:00}:{4:00}</String>
  <!--************************************************************-->
  <!--TV Server Configuration-->
  <!--************************************************************-->
  <String id="10100">Start</String>
  <String id="10101">Lätt</String>
  <String id="10102">Expert</String>
  <String id="10103">Upp</String>
  <String id="10104">Ner</String>
  <String id="10105">Ta bort</String>
  <String id="10106">Avbryt</String>
  <String id="10107">Standardvärde</String>
  <String id="10108">Hjälp</String>
  <String id="10109">Avlusingsläge</String>
  <String id="10110">TvWishList Hemsida</String>
  <String id="10111">Alla är aktiva</String>
  <String id="10112">Alla är inaktiva</String>
  <String id="10113">Hoppa över alla</String>
  <String id="10114">Hoppa inte över någon</String>
  <String id="10115">Kanalfilter</String>
  <String id="10130">E-post</String>
  <String id="10131">Konto</String>
  <String id="10132">Användarnamn</String>
  <String id="10133">Lösenord</String>
  <String id="10134">Upprepa lösenord</String>
  <String id="10135">E-postadress</String>
  <String id="10136">endast om annat än användarnamnet</String>
  <String id="10137">Sök nu</String>
  <String id="10138">Adress</String>
  <String id="10139">E-postmottagare</String>
  <String id="10140">Testa att skicka e-post</String>
  <String id="10141">SMTP</String>
  <String id="10142">Lerverantör</String>
  <String id="10143">Port</String>
  <String id="10144">SMTP Server</String>
  <String id="10145">SSL</String>
  <String id="10146">Aktivera e-post svar</String>
  <String id="10147">E-posta endast nya</String>
  <String id="10160">Inställningar</String>
  <String id="10161">Kontrollera TV-tablå</String>
  <String id="10162">måndag</String>
  <String id="10163">tisdag</String>
  <String id="10164">onsdag</String>
  <String id="10165">torsdag</String>
  <String id="10166">fredag</String>
  <String id="10167">lördag</String>
  <String id="10168">söndag</String>
  <String id="10169">Varje</String>
  <String id="10170">Dagar</String>
  <String id="10171">Timmar</String>
  <String id="10172">Minuter</String>
  <String id="10173">kl</String>
  <String id="10174">Kontrollera TV-tablå</String>
  <String id="10175">före varje planerad inspelning</String>
  <String id="10176">Nästa datum för kontroll av TvServer:</String>
  <String id="10177">Matcha villkor för upprepade filmer eller avsnitt</String>
  <String id="10178">Upprepning för titel eller beskrivning i TV-tablån</String>
  <String id="10179">Övriga alternativ</String>
  <String id="10180">Automatisk inspelning</String>
  <String id="10181">Konflikter i planerad inspelning</String>
  <String id="10182">Ta bort ändrad TV-tablå</String>
  <String id="10183">Återställ standardvärden</String>
  <String id="10184">Långsam CPU</String>
  <String id="10185">Hoppa över borttagna</String>
  <String id="10186">Tog bort utgångna:</String>
  <String id="10187">Månader</String>
  <String id="10188">Max planerade inspelningar per TvWish</String>
  <!--Date Time Format with 10189-10191 combined-->
  <String id="10189">dd/MM yyyy</String>
  <String id="10190">HH:mm</String>
  <String id="10191">{0} kl {1}</String>
  <String id="10192">Väntar på ComSkip processer</String>
  <String id="10193">TV-tablå</String>
  <String id="10200">Format</String>
  <String id="10201">Datum och tidsformat för e-post</String>
  <String id="10202">E-post format</String>
  <String id="10203">Språkfil</String>
  <String id="10204">Sorteringsvillkor</String>
  <String id="10205">Expert användare kan anpassa formaten för skickad e-post</String>
  <String id="10206">Fallande sortering</String>
  <String id="10207">Filtreringsvillkor</String>
  <String id="10208">E-post</String>
  <String id="10209">Spela in</String>
  <String id="10210">Konflikter</String>
  <String id="10211">Ta bort alla meddelanden</String>
  <String id="10250">Väntar på att tidigare jobb ska bli klara från {0}. Försök igen senare . Om de tidigare jobben inte blir klara så måste du start om datorn eller manuellt stoppa Tvservern </String>
  <String id="10251">Stänger Tv konfiguration</String>
  <String id="10252">Bearbetning pågår - vänta på att den blir klar</String>
  <String id="10253">Lyckades</String>
  <String id="10254">Misslyckades skicka e-post</String>
  <String id="10255">Minimum {0} är {1}</String>
  <String id="10256">Maximum {0} är {1}</String>
  <String id="10257">Kunde inte öppna {0}</String>
  <String id="10258">Vill du ta bort alla dina meddelanden? VARNING: Detta kommar att ta bort all meddelandhistorik och alla meddelanden. Säkerställ att TVWishList MediaPortal pluginen är avstängd!</String>
  <String id="10259">Meddelandena är borttagna</String>
  <String id="10260">Åtgärden avbröts</String>
  <String id="10261">Vill du återställa alla format till standardvärden? Detta kommer att ersätta alla inställningar och format</String>
  <String id="10262">Kontrollera ditt användarnamn och lösenord\n Serverfelet är:\n{0}</String>
  </Section>
</Language>
