<?xml version='1.0' encoding='UTF-8'?>
<Language>
  <Section name="unmapped">
  <!--DO NOT CHANGE ENGLISH COMMENTS INTO ANOTHER LANGUAGE-->
  <!--Owner: huha-->
  <!--Version 1.2.1.0
- initial release


Version 1.2.1.5
- added preferred group and episode criteria

Version 1.2.3.0
- added TvWishListMP2 strings - new strings are 100-102, 1108-1109, 1206, 3001, 3104, 3506-3508, 3652-3653, 5000 and up

Version 1.2.3.6
-added string 1110, 4312, 5051-5052, 5204-5216,6203, 7002, 8110-8111, 10000 and up

Version 1.2.3.10
- added 200-201

Version 1.2.3.11
-added 10192-10193,10262

Version 1.2.3.13
-added 2853,1059-1062,3509-->
  <!--TVSERVER VECTORSIZE=5000-->
  <!--MP2 Display in main menu-->
  <String id="100">TVWishList</String>
  <String id="101">TV Wish</String>
  <String id="102">TV Wish Baru - Pencarian:</String>
  <!--SlimTv Buttons in MP2-->
  <!-- MP2STR:CreateTvWish -->
  <String id="200">Buat Tv Wish</String>
  <!-- MP2STR:AlternatePrograms -->
  <String id="201">Program Alternatif</String>
  <!--************************************************************-->
  <!--TV WishList - Main-->
  <!--************************************************************-->
  <String id="1000">TV WishList - Main</String>
  <!--Quick Menu from Skins-->
  <String id="1050">TvWishList Menu Cepat</String>
  <String id="1051">Buat Tv Wish dengan Judul</String>
  <String id="1052">Buat Tv Wish dengan Semua</String>
  <String id="1053">Buat Tv Wish dengan Judul dalam Modus Email</String>
  <String id="1054">Buat Tv Wish dengan Judul dalam Modus ViewOnly</String>
  <String id="1055">Buat Tv Wish dengan Semua dalam Modus Email</String>
  <String id="1056">Buat Tv Wish dengan Semua dalam modus ViewOnly</String>
  <String id="1057">Beralih ke Pokok TvWishList</String>
  <String id="1058">Beralih ke Hasil TvWishList</String>
  <String id="1059">Buat Tv Wish dan Cari EPG</String>
  <String id="1060">Buat Tv Wish</String>
  <String id="1061">Menggunakan Modus Hanya Lihat</String>
  <String id="1062">Menggunakan Modus Email Dan Rekam</String>
  <!--Buttons-->
  <String id="1100">Modus Hanya Lihat</String>
  <String id="1101">Modus Email Dan Rekam</String>
  <String id="1102">Jalankan Pencarian EPG</String>
  <String id="1103">Lihat Hasil</String>
  <String id="1104">Baru</String>
  <String id="1105">Simpan</String>
  <String id="1106">Batal</String>
  <String id="1107">Lagi</String>
  <String id="1108">Hasil</String>
  <String id="1109">Modus</String>
  <String id="1110">Edit</String>
  <!--Run EPG Search-->
  <String id="1200">Menunggu proses lama untuk selesai</String>
  <String id="1201">Pencarian sebelumnya masih berjalan - \nmohon tunggu</String>
  <String id="1202">Pencarian Epg sedang berjalan - mohon tunggu</String>
  <String id="1203">Actual Run Thread tidak \nselesai pada waktunya - digagalkan</String>
  <String id="1204">Pencarian Epg Selesai</String>
  <String id="1205">Old Run Thread tidak \nselesai pada waktunya - digagalkan</String>
  <String id="1206">Pipa koneksi ke server gagal - reboot Tv server</String>
  <!--Save-->
  <String id="1300">Data TvWish telah disimpan</String>
  <String id="1301">Data TvWish tidak dapat disimpan</String>
  <!--Cancel-->
  <String id="1400">Data TvWish telah dimuat ulang</String>
  <String id="1401">Data TvWish tidak dapat dimuat ulang</String>
  <!--More  Menu-->
  <String id="1500">Semua Aktif</String>
  <String id="1501">Tidak Ada yang Aktif</String>
  <String id="1502">Lewati Semua</String>
  <String id="1503">Lewati Nihil</String>
  <String id="1504">Salin TvWishes dari Hanya Lihat ke Email</String>
  <String id="1505">Salin TvWishes dari Email ke Hanya Lihat</String>
  <String id="1506">Pindahkan Jadwal ke TvWishList</String>
  <String id="1507">Ekspor</String>
  <String id="1508">Impor</String>
  <!--More  Status-->
  <String id="1550">{0} Wish(es) Disalin dari \nHanya Lihat ke Modus Email</String>
  <String id="1551">Gagal menyalin TvWishes dari \nHanya Lihat ke Email</String>
  <String id="1552">{0} Wish(es) Disalin dari \nEmail ke Modus Hanya Lihat</String>
  <String id="1553">Gagal menyalin TvWishes dari \nEmail ke Hanya Lihat</String>
  <String id="1554">{0} Jadwal(s) Dipindahkan ke TvWishList</String>
  <String id="1555">Gagal memindahkan Jadwal ke TvWishList</String>
  <String id="1556">Ekspor {0} wish(es) selesai</String>
  <String id="1557">Gagal ekspor</String>
  <String id="1558">Impor {0} wish(es) selesai</String>
  <String id="1559">Gagal impor</String>
  <!--++++++++++++++-->
  <!--Formats   Main-->
  <!--++++++++++++++-->
  <!--TvWish Format Data 1900 - 1905:
        //  {0}   active
        //  {1}   searchfor
        //  {2}   matchtype
        //  {3}   group
        //  {4}   recordtype
        //  {5}   action
        //  {6}   exclude
        //  {7}   viewed counter
        //  {8}   prerecord
        //  {9}   postrecord
        //  {10}  episodename
        //  {11}  episodepart
        //  {12}  episodenumber
        //  {13}  seriesnumber
        //  {14}  keepepisodes
        //  {15}  keepuntil
        //  {16}  recommendedcard
        //  {17}  priority
        //  {18}  aftertime
        //  {19}  beforetime
        //  {20}  afterdays
        //  {21}  beforedays
        //  {22}  channel
        //  {23}  skip
        //  {24}  name
        //  {25}  useNameFolders
        //  {26}  within next hours
        //  {27}  scheduled counter
        //  {28}  tvwish id
        //  {29}  recorded counter
        //  {30}  deleted counter
        //  {31}  emailed counter
        //  {32}  conflicts counter
        //  {33}  episodecriteria
        //  {34}  preferredgroup
        //  {35}  includerecordings
        //  <br>     new line
        //  |      item selector for not displaying user disabled items-->
  <!--Main Menu Format for 16:9 skins Email Mode-->
  <String id="1900">Aktif: {0}\n|Nama: {24}\n|Mencari: {1}\n|Sesuai: {2}\n|Abaikan: {6}\n|Tipe: {4}\n|Aksi: {5}\n|Lewati Berulang: {23}\n|Grup Disukai: {34}\n|dan Sertakan Rekaman: {35}\n|Penghitung:\nDijadwalkan={27}\nDirekam={29}\nDihapus={30}\nDiemailkan={31}\nKonflik={32}\n|\nHanya Grup: {3} Dan Hanya Saluran: {22}\n|Setelah Atau Pada Hari: {20} Tapi Sebelum Atau Pada Hari: {21}\n|Antara Waktu: {18} Dan {19}\n\n|Kriteria Episode: {33}\n|Nama Episode: {10}\n|Bagian Episode: {11}\n|Nomor Episode: {12}\n|Pertahankan Episode: {14}\n|Pertahankan Hingga: {15}\n|Prioritas: {17}\n|Prarekam: {8}\n|Pascarekam: {9}\n|Kartu Rekomendasi: {16}\n|Memindahkan Rekaman ke Folder Nama: {25}\n|ID={28}\n</String>
  <!--Main Menu Format for 4:3 skins Email Mode-->
  <String id="1902">Aktif: {0}     |Nama: {24}     Mencari: {1}     |Sesuai: {2}     |Abaikan: {6}     |Tipe: {4}     |Aksi: {5}     |Lewati Berulang: {23}     |Grup Disukai: {34}     |dan Sertakan Rekaman: {35}\n|Penghitungan:  Dijadwalkan={27}  Direkam={29}  Dihapus={30}  Diemailkan={31}  Konflik={32}\n|Hanya Grup: {3} Dan Hanya Saluran: {22} |Setelah Atau Pada Hari: {20} Tapi Sebelum Atau Pada Hari: {21} |Antara Waktu: {18} Dan {19}\n|Kriteria Episode: {33}     |Nama Episode: {10}     |Bagian Episode: {11}     |Nomor Episode: {12}     |Pertahankan Episode: {14}     |Pertahankan Hingga: {15}      |Prioritas: {17}\n|Prarekam: {8}      |Pascarekam: {9}     |Kartu Rekomendasi: {16}     |Memindahkan Rekaman ke Folder Nama: {25}\n|ID={28}\n</String>
  <!--Main Menu Format for 16:9 skins View Only Mode-->
  <String id="1901">Aktif: {0}\n|Nama: {24}\n|Mencari: {1}\n|Sesuai: {2}\n|Abaikan: {6}\n|Tipe: {4}\n|Hits: {7}\n|\nHanya Grup: {3} Dan Hanya Saluran: {22}\n|Setelah Atau Pada Hari: {20} Tapi Sebelum Atau Pada Hari: {21}\n|Antara Waktu: {18} Dan {19}\n|Hanya Tampilkan dalam{26} Jam Selanjutnya\n|Nama Episode: {10}\n|Bagian Episode: {11}\n|Nomor Episode: {12}\n|ID={28}\n</String>
  <!--Main Menu Format for 4:3 skins View Only Mode-->
  <String id="1903">Aktif: {0}     |Nama: {24}    |Mencari: {1}     |Sesuai: {2}     |Abaikan: {6}     |Tipe: {4}     |Hits: {7}\n|Hanya Grup: {3} Dan Hanya Saluran: {22} |Setelah Atau Pada Hari: {20} Tapi Sebelum Atau Pada Hari: {21} |Antara Waktu: {18} Dan {19}     |Hanya Tampilkan dalam {26} Jam Selanjutnya\n|Nama Episode: {10}     |Bagian Episode: {11}     |Nomor Episode: {12}\n|ID={28}\n</String>
  <!--List Item Format Email Mode -  use "||" to change alignment between left and right border-->
  <String id="1904">{24} || {27}/{29}</String>
  <!--List Item Format ViewOnly Mode-->
  <String id="1905">{24} || {7}</String>
  <!--************************************************************-->
  <!--TV WishList - Edit-->
  <!--************************************************************-->
  <!--TVSERVER USE FROM=2000 TO=4900 OFFSET_FROM=2000 OFFSET_TO=4900-->
  <String id="2000">TV WishList - Masukan</String>
  <!--Buttons-->
  <String id="2100">Menu Utama</String>
  <String id="2101">Sebelumnya</String>
  <String id="2102">Selanjutnya</String>
  <String id="2103">Baru</String>
  <String id="2104">Hapus</String>
  <String id="2105">Simpan</String>
  <String id="2106">Batalkan Semua</String>
  <String id="2107">Lagi</String>
  <!--Delete-->
  <String id="2200">TvWish telah dihapus</String>
  <String id="2201">Galat: data TvWish tidak dapat dihapus</String>
  <!--Save-->
  <String id="2300">Data TvWish telah disimpan</String>
  <String id="2301">Galat: data TvWish tidak dapat disimpan</String>
  <!--Cancel-->
  <String id="2400">Data TvWish telah dimuat ulang</String>
  <String id="2401">Data TvWish tidak dapat dimuat ulang</String>
  <!--More  Menu-->
  <String id="2450">Semua Item</String>
  <String id="2451">Item yang Didefinisi Pengguna</String>
  <String id="2452">Lihat Hasil Tunggal</String>
  <String id="2453">Menyalin Tv Wish Saat ini ke Modus Lainnya</String>
  <String id="2454">{0} Wish(es) Disalin ke Modus Lainnya</String>
  <String id="2455">Gagal Menyalin Tv Wish ke Modus Lainnya</String>
  <String id="2456">Duplikasi Tv wish</String>
  <String id="2457">Tv wish diduplikasi</String>
  <String id="2458">Gagal menduplikasi Tv wish</String>
  <!--Edit List Items-->
  <String id="2500">Aktif: {0}</String>
  <String id="2501">Mencari: {0}</String>
  <String id="2502">Sesuai Dengan: {0}</String>
  <String id="2503">Gunakan Hanya Grup: {0}</String>
  <String id="2504">Rekam Sebagai: {0}</String>
  <String id="2505">Dan Lakukan Aksi: {0}</String>
  <String id="2506">Jangan Sertakan: {0}</String>
  <String id="2507">Hits: {0} (Reset Hits)</String>
  <String id="2508">Prarekam: {0} Menit</String>
  <String id="2509">dan Pascarekam: {0} Menit</String>
  <String id="2510">Saring Episode: {0}</String>
  <String id="2511">Saring Bagian: {0}</String>
  <String id="2512">Saring Nomor: {0}</String>
  <String id="2513">Saring Nomor serial: {0}</String>
  <String id="2514">Pertahankan: {0} Rekaman</String>
  <String id="2515">Hingga: {0} </String>
  <String id="2516">Kartu yang direkomendasikan: {0}</String>
  <String id="2517">Setel Prioritas ke: {0} (Min 0, Maks 9)</String>
  <String id="2518">Waktu setelah: {0}</String>
  <String id="2519">Dan Waktu Sebelum: {0}</String>
  <String id="2520">Setelah dan Pada Mingguan: {0}</String>
  <String id="2521">Sebelum dan Pada Mingguan: {0}</String>
  <String id="2522">Dan Hanya Saluran: {0}</String>
  <String id="2523">Lewati Episode Berulang: {0}</String>
  <String id="2524">Nama: {0}</String>
  <String id="2525">Pindahkan Perekaman ke: Folder {0}</String>
  <String id="2526">Tampilkan Hanya Pada: {0} Jam(s) Selanjutnya</String>
  <String id="2533">Gunakan Kriteria Cocok Episode: {0} </String>
  <String id="2534">Grup Saluran Disukai: {0} </String>
  <String id="2535">Menyertakan Rekaman: {0} </String>
  <!--MatchType-->
  <String id="2600">Bagian Judul</String>
  <String id="2601">Sesuai Judul</String>
  <String id="2602">Bagian Teks</String>
  <String id="2603">Kata dalam Judul</String>
  <String id="2604">Kata dalam Teks</String>
  <String id="2605">Kata dalam Teks/Judul</String>
  <String id="2606">Ekspresi</String>
  <!--RecordType-->
  <String id="2650">Hanya Sekali</String>
  <String id="2651">Semua</String>
  <String id="2652">Semua Dalam Saluran Yang Sama</String>
  <String id="2653">Semua Dalam Saluran Yang Sama Pada Hari Yang Sama</String>
  <String id="2654">Semua Pada Saluran Yang Sama Pada Waktu Yang Sama</String>
  <String id="2655">Semua Pada Saluran Yang Sama Pada Hari Dan Waktu Yang Sama</String>
  <!--Action-->
  <String id="2700">Rekam</String>
  <String id="2701">Email</String>
  <String id="2702">Email Dan Rekam</String>
  <String id="2703">Lihat</String>
  <!--Days-->
  <String id="2750">Senin</String>
  <String id="2751">Selasa</String>
  <String id="2752">Rabu</String>
  <String id="2753">Kamis</String>
  <String id="2754">Jumat</String>
  <String id="2755">Sabtu</String>
  <String id="2756">Minggu</String>
  <!--Dialog Headers for Edit Items-->
  <String id="2800">Aktif</String>
  <String id="2801">Mencari</String>
  <String id="2802">Sesuai Tipe</String>
  <String id="2803">Grup</String>
  <String id="2804">Tipe Rekam</String>
  <String id="2805">Aksi</String>
  <String id="2806">Abaikan</String>
  <String id="2807">Hits</String>
  <String id="2808">Waktu Pra Rekam</String>
  <String id="2809">Waktu Pasca Rekam</String>
  <String id="2810">Nama Episode</String>
  <String id="2811">Bagian Episode</String>
  <String id="2812">Nomor Episode</String>
  <String id="2813">Nomor Seri</String>
  <String id="2814">Pertahankan Episode</String>
  <String id="2815">Pertahankan Hingga</String>
  <String id="2816">Kartu yang Direkomendasikan</String>
  <String id="2817">Prioritas</String>
  <String id="2818">Waktu Setelah</String>
  <String id="2819">Waktu Sebelum</String>
  <String id="2820">Hari Setelah</String>
  <String id="2821">Hari Sebelum</String>
  <String id="2822">Saluran</String>
  <String id="2823">Lewati</String>
  <String id="2824">Nama</String>
  <String id="2825">Pindahkan Rekaman ke Folder</String>
  <String id="2826">Tampilkan Hanya Dalam Jam(s) Selanjutnya</String>
  <String id="2833">Ganti Episode Sesuai Kriteria</String>
  <String id="2834">Grup Saluran Disukai</String>
  <String id="2835">Sertakan Rekaman</String>
  <!--Use Name Folder-->
  <String id="2850">Episode</String>
  <String id="2851">Nama Tv Wish</String>
  <String id="2852">Nihil</String>
  <String id="2853">Otomatis</String>
  <!--Keep Until-->
  <String id="2900">Selalu</String>
  <String id="2901">Hari Setelah Perekaman</String>
  <String id="2902">Minggu Setelah Perekaman</String>
  <String id="2903">Bulan Setelah Perekaman</String>
  <String id="2904">Tanggal</String>
  <String id="2905">Ditonton</String>
  <String id="2906">Ruang Dibutuhkan</String>
  <String id="2920">{0} Hari Setelah Perekaman</String>
  <String id="2921">{0} Minggu Setelah Perekaman</String>
  <String id="2922">{0} Bulan Setelah Perekaman</String>
  <!--DO NOT CHANGE FORMAT in 2923-->
  <String id="2923">YYYY-MM-DD</String>
  <!--Change episode matching criteria-->
  <String id="2950">Lewati Deskripsi EPG Yang Cocok? (Ya)</String>
  <String id="2951">Lewati Deskripsi EPG Yang Cocok? (No)</String>
  <String id="2952">Lewati Nama Episode dan Bagian yang Cocok? (Ya)</String>
  <String id="2953">Lewati Nama Episode dan Bagian yang Cocok? (Tidak)</String>
  <String id="2954">Lewati Serial dan Nomor Episode yang Cocok? (Ya)</String>
  <String id="2955">Lewati Serial dan Nomor Episode yang Cocok? (Tidak)</String>
  <String id="2960">Deskr.</String>
  <String id="2961">Nama</String>
  <String id="2962">Nomor</String>
  <String id="2970">Aktifkan semua kriteria</String>
  <String id="2971">Matikan semua kriteria</String>
  <!--************************************************************-->
  <!--TV WishList - View Results-->
  <!--************************************************************-->
  <String id="3000">TvWishList - Hasil</String>
  <String id="3001">Program</String>
  <!--Buttons-->
  <String id="3100">Menu Utama</String>
  <String id="3101">Perbaruan</String>
  <String id="3102">Sortir</String>
  <String id="3103">Saring</String>
  <String id="3104">Sortir Urutan</String>
  <!--Sort Menu-->
  <String id="3200">Sortir Menu</String>
  <String id="3201">Judul</String>
  <String id="3202">Mulai</String>
  <String id="3203">Dibuat</String>
  <String id="3204">Genre</String>
  <String id="3205">Klasifikasi</String>
  <String id="3206">ParentalRating</String>
  <String id="3207">Star Rating</String>
  <String id="3208">Tipe</String>
  <String id="3209">Pesan</String>
  <String id="3210">Cari String</String>
  <String id="3211">Nama Episode</String>
  <String id="3212">Nomor Episode</String>
  <String id="3213">Bagian Episode</String>
  <!--Filter Menu-->
  <String id="3250">Menu Saring</String>
  <String id="3251">Lihat</String>
  <String id="3252">Tidak Lihat</String>
  <String id="3253">Diemailkan</String>
  <String id="3254">Tidak Diemailkan</String>
  <String id="3255">Dijadwalkan</String>
  <String id="3256">Tidak Dijadwalkan</String>
  <String id="3257">Direkam</String>
  <String id="3258">Tidak Direkam</String>
  <String id="3259">Dihapus</String>
  <String id="3260">Tidak Dihapus</String>
  <String id="3261">Konflik</String>
  <String id="3262">Tidak Konflik</String>
  <String id="3263">Semua</String>
  <String id="3264">Nihil</String>
  <!--Item Menu-->
  <String id="3500">Beralih ke TV</String>
  <String id="3501">Hapus Jadwal</String>
  <String id="3502">Jadwal</String>
  <String id="3503">Hapus Pesan</String>
  <String id="3504">Hapus Rekaman dan Film</String>
  <String id="3505">Beralih ke Rekaman</String>
  <String id="3506">Beralih ke Video</String>
  <String id="3507">Beralih ke Serial</String>
  <String id="3508">Beralih ke EPG</String>
  <String id="3509">Mainkan</String>
  <!--Item Status-->
  <String id="3600">Jadwal telah ditambahkan</String>
  <String id="3601">Gagal Menambahkan Jadwal</String>
  <String id="3602">Jadwal telah dihapus</String>
  <String id="3603">Gagal menghapus jadwal</String>
  <String id="3604">Pesan telah dihapus</String>
  <String id="3605">Gagal menghapus pesan</String>
  <String id="3606">Rekaman telah dihapus</String>
  <String id="3607">Gagal menghapus rekaman</String>
  <String id="3608">Anda yakin akan menghapus file tersebut</String>
  <!--Message Changes-->
  <String id="3650">File {0} besarnya {1} GB</String>
  <String id="3651">File telah dihapus</String>
  <String id="3652">Urutan sortir menaik</String>
  <String id="3653">Urutan sortir menurun</String>
  <!--++++++++++++++-->
  <!--Formats   View-->
  <!--++++++++++++++-->
  <!--Message Format Data 3900-3905:
        //  {0}  Title
        //  {1}  Description
        //  {2}  Channel
        //  {3}  Start
        //  {4}  End
        //  {5}  EpisodeName
        //  {6}  EpisodeNum
        //  {7}  EpisodeNumber
        //  {8}  EpisodePart
        //  {9}  Genre
        //  {10} Classification
        //  {11} OriginalAirDate
        //  {12} ParentalRating
        //  {13} SeriesNum
        //  {14} StarRating
        //  {15} type
        //  {16} channel_id
        //  {17} created
        //  {18} searchstring
        //  {19} tvwish_id
        //  {20} recording_id
        //  {21} Message   
        //  <br>   new line-->
  <!--Found Format for 16:9 skins Email Mode-->
  <String id="3900">{21}\nJudul: {0}\nSaluran: {2}\nMulai: {3}\nSelesai: {4}\nTipe: {15}\nDeskripsi: {1}\n\nGenre: {9}\nKlasifikasi: {10}\nParental Rating: {12}\nStar Rating: {14}\nBagian Episode: {8}\nNama Episode: {5}\nNomor Episode: {6}\nDicari oleh: {18} pada {17}\n\n</String>
  <!--Found Format for 4:3 skins Email Mode-->
  <String id="3902">{21}     Judul: {0}     Saluran: {2}     Mulai: {3}     Selesai: {4}     Tipe: {15}\nDeskripsi: {1}\nGenre: {9}     Klasifikasi: {10}     Parental Rating: {12}     Star Rating: {14}     Bagian Episode: {8}     Nama Episode: {5}     Nomor Episode: {6}     Dicari oleh: {18} pada {17}\n</String>
  <!--Found Format for 16:9 skins View Only Mode-->
  <String id="3901">{21}\nJudul: {0}\nSaluran: {2}\nMulai: {3}\nSelesai: {4}\nTipe: {15}\nDeskripsi: {1}\n\nGenre: {9}\nKlasifikasi: {10}\nParental Rating: {12}\nStar Rating: {14}\nBagian Episode: {8}\nNama Episode: {5}\nNomor Episode: {6}\nDicari oleh: {18} pada {17}\n\n</String>
  <!--Found Format for 4:3 skins View Only Mode-->
  <String id="3903">{21}     Judul: {0}     Saluran: {2}     Mulai: {3}     Selesai: {4}    Tipe: {15}\nDeskripsi: {1}\nGenre: {9}     Klasifikasi: {10}     Parental Rating: {12}     Star Rating: {14}     Bagian Episode: {8}     Nama Episode: {5}     Nomor Episode: {6}     Dicari oleh: {18} pada {17}\n</String>
  <!--List Item Format Email Mode - use "||" to change alignment between left and right border-->
  <String id="3904">{0} || {3}</String>
  <!--List Item Format ViewOnly Mode-->
  <String id="3905">{0} || {3}</String>
  <!--************************************************************-->
  <!--General-->
  <!--************************************************************-->
  <!--Bool-->
  <String id="4000">True</String>
  <String id="4001">False</String>
  <!--Default Data TvWish-->
  <String id="4100">Apapun</String>
  <String id="4101">Selalu</String>
  <String id="4102">Sesuaian</String>
  <String id="4103">Nihil</String>
  <String id="4104">Semua Saluran</String>
  <String id="4105">Semua</String>
  <!--Mode Header-->
  <String id="4200">Modus Email Dan Rekam</String>
  <String id="4201">Modus Hanya Lihat</String>
  <!--Errors-->
  <String id="4300">Periksa file Log MediaPortal</String>
  <String id="4301">Tidak Ada Item</String>
  <String id="4302">Masalah dalam membuat daftar item</String>
  <String id="4303">Tidak Bernomor</String>
  <String id="4304">Format Cacat</String>
  <String id="4305">Galat</String>
  <String id="4306">Plugin TvWishList MediaPortal Tidak \nCocok dengan Plugin TvWishList TV Server</String>
  <String id="4307">Folder Rekaman harus diubah ke \nFolder Episode</String>
  <String id="4308">Tipe Rekam harus diubah ke Semua</String>
  <String id="4309">Pertahankan nomor Episode harus diubah ke Semua</String>
  <String id="4310">Memindahkan Jadwal Kerja hanya untuk Modus Email</String>
  <String id="4311">Tv wish list sedang diproses \noleh proses lainnya\nCoba lagi nanti\nBila proses lainnya tidak dapat selesai\n silahkan reboot sistem \natau hentikan tv server secara manual</String>
  <String id="4312">Galat Timeout: Cobalah untuk reboot server anda.\nBila kembali muncul cobalah untuk menaikkan nilai timeout pada setelan lanjutan</String>
  <!--Others-->
  <String id="4400">Info</String>
  <String id="4401">Peringatan</String>
  <String id="4402">Ya</String>
  <String id="4403">Tidak</String>
  <String id="4404">Semua Tv Wishes</String>
  <String id="4405">Tv Wish: {0}</String>
  <!--++++++++++++++-->
  <!--Formats   View-->
  <!--++++++++++++++-->
  <!--Date Time Format for all modules
        //   {0:0000} year
        //   {1:00}   month
        //   {2:00}   day
        //   {3:00}   hour
        //   {4:00}   minute
        //   {5:00}   second
        //   {6}      timeofday
        //   {7}      date-->
  <String id="4900">{1:00}/{2:00} pada {3:00}:{4:00}</String>
  <!--************************************************************-->
  <!--Config Main MP2-->
  <!--************************************************************-->
  <!-- MP2STR:ConfigMain_GUI -->
  <String id="5000">Konfigurasi Utama</String>
  <!-- MP2STR:ConfigMain_GUI_Help -->
  <String id="5001">Konfigurasi setelan utama</String>
  <!-- MP2STR:ConfigTvserver -->
  <String id="5050">Sebelum anda menggunakan plugin MediaPortal anda harus mengkonfigurasikan dan menguji plugin TvWishList Tvserver</String>
  <String id="5051">Sebelum anda menggunakan plugin MediaPortal anda harus punya</String>
  <String id="5052">konfigurasi dan uji plugin TvWishList Tvserver</String>
  <!-- MP2STR:CancelButtonText -->
  <String id="5100">Batal</String>
  <!-- MP2STR:SaveButtonText -->
  <String id="5101">Simpan</String>
  <!-- MP2STR:HelpButtonText -->
  <String id="5102">Bantuan</String>
  <!-- MP2STR:Verbose -->
  <String id="5200">Debug</String>
  <!-- MP2STR:DisableQuickMenu -->
  <String id="5201">Nonaktifkan Menu Cepat TvWish</String>
  <!-- MP2STR:TimeOut -->
  <String id="5202">Timeout</String>
  <!-- MP2STR:TimeOutDescription -->
  <String id="5203">Ubah Timeout 60 hanya bila anda berpengalaman dengan masalah dalam time out</String>
  <!-- MP2STR:SaveToTvServer -->
  <String id="5204">Ini akan menyimpan setelan klien anda ke server tv</String>
  <!-- MP2STR:LoadFromTvServer -->
  <String id="5205">Ini akan memuat setelan klien anda dari server tv</String>
  <!-- MP2STR:DisableInfoWindows -->
  <String id="5206">Nonaktifkan Jendela Info Pesan</String>
  <!-- MP2STR:Load -->
  <String id="5207">Muat</String>
  <!-- MP2STR:SaveLoad -->
  <String id="5208">Simpan/Muat Setelan Klien pada/dari Server Tv</String>
  <!-- MP2STR:SaveQuestion -->
  <String id="5209">Apakah anda ingin menyimpan setelan klien pada server Tv dan menimpa setelan sebelumnya?</String>
  <!-- MP2STR:LoadQuestion -->
  <String id="5210">Apakah anda ingin memuat setelan klien dari server Tv dan menimpa setelan klien saat ini?</String>
  <!-- MP2STR:SaveToTV -->
  <String id="5211">Simpan Ke Server Tv</String>
  <!-- MP2STR:LoadFromTV -->
  <String id="5212">Muat Dari Server Tv</String>
  <!-- MP2STR:LoadComplete -->
  <String id="5213">Setelan klien telah dimuat dari server Tv</String>
  <!-- MP2STR:LoadError -->
  <String id="5214">Setelan klien tidak dapat dimuat dari Tv server</String>
  <!-- MP2STR:SaveComplete -->
  <String id="5215">Setelan klien telah disimpan ke Tv server</String>
  <!-- MP2STR:SaveError -->
  <String id="5216">Setelan klien tidak dapat disimpan ke Tv server</String>
  <!--************************************************************-->
  <!--Config Filter MP2-->
  <!--************************************************************-->
  <!-- MP2STR:ConfigFilter_GUI -->
  <String id="6000">Konfigurasi Saringan</String>
  <!-- MP2STR:ConfigFilter_GUI_Help -->
  <String id="6001">Konfigurasi setelan saringan. Semua item terpilih akan diaktifkan untuk pengeditan tvwish. Item yang nonaktif akan menggunakan nilai baku.</String>
  <!-- MP2STR:SelectItemLabel -->
  <String id="6100">Pilih item saringan yang akan anda edit</String>
  <!-- MP2STR:UnSelectItemLabel -->
  <String id="6101">Item yang tidak terpilih tidak dapat diedit untuk Tv wish dan akan menggunakan nilai baku</String>
  <!-- MP2STR:AllButtonText -->
  <String id="6200">Semua</String>
  <!-- MP2STR:NoneButtonText -->
  <String id="6201">Nihil</String>
  <!-- MP2STR:DefaultsButtonText -->
  <String id="6202">Baku</String>
  <!-- MP2STR:DefaultsQuestion -->
  <String id="6203">Menyetel ulang nilai baku akan menimpa semua field pada semua tab dan juga menimpa nilai baku yang anda definisikan sendiri - lanjutkan?</String>
  <!--************************************************************-->
  <!--Config Defaults MP2-->
  <!--************************************************************-->
  <!-- MP2STR:ConfigDefaults_GUI -->
  <String id="7000">Konfigurasi Baku</String>
  <!-- MP2STR:ConfigDefaults_GUI_Help -->
  <String id="7001">Konfigurasi setelan baku. Ini akan digunakan untuk setiap tvwish baru. Nonaktifkan item akan mengambil nilai baku yang ditugaskan.</String>
  <String id="7002">Periksa Baku</String>
  <!--************************************************************-->
  <!--Config Formats MP2-->
  <!--************************************************************-->
  <!-- MP2STR:ConfigFormats_GUI -->
  <String id="8000">Format Konfigurasi</String>
  <!-- MP2STR:ConfigFormats_GUI_Help -->
  <String id="8001">Konfigurasi setelan format. Format kosong akan menggunakan format yang didefinisikan pada file bahasa</String>
  <!-- MP2STR:DateAndTimeFormat -->
  <String id="8100">Format Tanggal Dan Waktu</String>
  <!-- MP2STR:MainItemFormat -->
  <String id="8101">Format Item Menu Utama</String>
  <!-- MP2STR:ResultItemFormat -->
  <String id="8102">Format Item Menu Hasil</String>
  <!-- MP2STR:MainTextBoxFormat -->
  <String id="8103">Format Textbox Menu Utama</String>
  <!-- MP2STR:ResultTextBoxFormat -->
  <String id="8104">Format Hasil Menu Textbox</String>
  <!-- MP2STR:GroupboxGeneral -->
  <String id="8105">Format Umum</String>
  <!-- MP2STR:GroupboxListItemFormats -->
  <String id="8106">Format Daftar Item</String>
  <!-- MP2STR:GroupboxEmailAndRecordModus -->
  <String id="8107">Modus Email Dan Rekam</String>
  <!-- MP2STR:GroupboxViewOnlyModus -->
  <String id="8108">Modus Hanya Lihat</String>
  <!-- MP2STR:FormatExpertLabel -->
  <String id="8109">Format harus diubah hanya oleh yang ahli saja. Field kosong akan menggunakan nilai baku dari file bahasa</String>
  <String id="8110">Format harus diubah hanya oleh yang ahli saja.</String>
  <String id="8111">Field kosong akan menggunakan nilai baku dari file bahasa.</String>
  <!--************************************************************-->
  <!--TV Server Run EPG Messages-->
  <!--************************************************************-->
  <!--TVSERVER USE FROM=10000 TO=10300 OFFSET_FROM=0 OFFSET_TO=300-->
  <String id="10001">Menunggu pekerjaan lama {0}s untuk selesai</String>
  <String id="10002">Galat: TvWishList tidak menyelesaikan pekerjaan lama - reboot komputer anda</String>
  <String id="10003">Membaca data setelan</String>
  <String id="10004">Memuat Pesan</String>
  <String id="10005">Memuat Tv wishes</String>
  <String id="10006">Pencarian {0}</String>
  <String id="10007">Mengirimkan email {0}</String>
  <String id="10008">Galat: Tidak ada Server Smtp didefinisikan</String>
  <String id="10009">Galat: Tidak ada pengguna didefinisikan</String>
  <String id="10010">Galat: Tidak ada password didefinisikan</String>
  <String id="10011">Galat: Tidak ada alamat email penerima didefinisikan</String>
  <String id="10012">Galat: Setelan penyedia cacat</String>
  <String id="10013">Galat: Alamat server tidak dispesifikasikan</String>
  <String id="10014">Galat: Gagal mendapatkan koneksi internet ke server POP3</String>
  <String id="10015">Galat: Tidak ada port smtp didefinisikan</String>
  <String id="10016">Pengiriman email kembalian selesai</String>
  <String id="10017">Galat: Gagal mengirim email kembalian - periksa username</String>
  <String id="10018">Galat: Gagal mengirim email kembalian - periksa password</String>
  <String id="10019">Galat: Gagal mengirim email kembalian</String>
  <String id="10020">Siap</String>
  <String id="10021">Memproses data EPG {0} dalam {1} pada {2}</String>
  <String id="10022">Memproses Rekaman {0} pada {1}</String>
  <String id="10023">Galat: Password anda tidak cocok dan direset - silahkan masukkan lagi  password</String>
  <String id="10024">Galat Fatal: Periksa file log</String>
  <String id="10025">Galat pada SQL query - periksa ekspresi {0}</String>
  <!--************************************************************-->
  <!--TV Server Message  Creation-->
  <!--************************************************************-->
  <String id="10050">Jadwal {0} tidak punya data EPG yang valid tapi bisa diperbaiki</String>
  <String id="10051">Jadwal {0} tidak punya data EPG yang valid - periksa jadwal anda bila ada konflik</String>
  <String id="10052">jadwal {0} tidak punya data EPG yang valid - periksa jadwal anda bila ada konflik</String>
  <String id="10053">Data Epg telah berubah untuk Episode/Deskripsi atau Waktu EPG telah diubah - menghapus jadwal saat ini dan mencoba untuk menjadwal ulang</String>
  <String id="10054">Konflik jadwal harus diperbaiki secara manual</String>
  <String id="10055">Tidak menyertakan program {0} berkaitan dengan tidak menyertakan kondisi penyaringan {1}</String>
  <String id="10056">Tidak menyertakan program {0} berkaitan dengan kondisi penyaringan pemeriksaan kata</String>
  <String id="10057">Tidak menyertakan program {0} berkaitan dengan kondisi penyaringan pemeriksaan kata</String>
  <String id="10058">Maksimum temuan nomor ({0}) program - akan mengabaikan tambahan temuan yang cocok</String>
  <String id="10059">{0} dengan {1} GB</String>
  <String id="10060">Gagal menambah program {0}</String>
  <String id="10061">Gagal membuat jadwal untuk program {0}</String>
  <String id="10062">Program {0} sudah dijadwalkan</String>
  <String id="10063">Melewati program {0} karena ia tidak di antara {1} dan {2}</String>
  <String id="10064">Melewati program {0} karena ia tidak di antara {1} dan {2}</String>
  <String id="10065">Melewati program {0} karena ia tidak dalam  {1} jam selanjutnya</String>
  <String id="10066">Melewati program {0} karena ia tidak cocok dengan kebutuhan saringan saluran {1}</String>
  <String id="10067">Melewati program {0} karena ia tidak cocok dengan kebutuhan bagian episode {1}</String>
  <String id="10068">Melewati program {0} karena ia tidak cocok dengan kebutuhan nama episode {1}</String>
  <String id="10069">Melewati program {0} karena ia tidak cocok dengan kebutuhan nomor serial {1}</String>
  <String id="10070">Melewati program {0} karena ia tidak cocok dengan kebutuhan nomor episode {1}</String>
  <String id="10071">Program {0} sudah direkam</String>
  <String id="10072">Program {0} telah dihapus dan dilewati</String>
  <String id="10073">Waktu mulai program {0} sudah berlalu - jadwal akan dilewat</String>
  <String id="10074">Temuan Jadwal Berulang {0}  - dilewati</String>
  <String id="10075">Program {0} konflik dan tidak akan dijadwalkan</String>
  <String id="10076">Menghapus jadwal {0} karena prioritasnya rendah</String>
  <String id="10077">Jadwal {0} tidak cukup prioritas untuk menghapus konflik - dilewati</String>
  <String id="10078">Ditemukan Jadwal Lebih Baik Pada Grup Disukai</String>
  <String id="10079">TvWishList menemukan program dari Tv Wish [{0}]: {1}\nTvWishList menjadwalkan program tersebut</String>
  <String id="10080">TvWishList menemukan program dari Tv Wish [{0}]: {1}\nTvWishList tidak menjadwalkannya tapi mengingatkannya pada anda akan program tersebut</String>
  <!--Email Format Default - will be sent with each email for a found program (use format entries from message format at 3900)-->
  <String id="10090">ENTRI BARU\nJudul={0}\nDeskripsi={1}\nSaluran={2}\nMulai={3}\nSelesai={4}\nTipe={15}\nDibuat={17}\n\n\n</String>
  <String id="10091">{1:00}/{2:00} pada {3:00}:{4:00}</String>
  <!--************************************************************-->
  <!--TV Server Configuration-->
  <!--************************************************************-->
  <String id="10100">Utama</String>
  <String id="10101">Mudah</String>
  <String id="10102">Ahli</String>
  <String id="10103">Naik</String>
  <String id="10104">Turun</String>
  <String id="10105">Hapus</String>
  <String id="10106">Batal</String>
  <String id="10107">Baku</String>
  <String id="10108">Bantuan</String>
  <String id="10109">Modusdebug</String>
  <String id="10110">Beranda TvWishList</String>
  <String id="10111">Semua Aktif</String>
  <String id="10112">Semua Tidak aktif</String>
  <String id="10113">Lewati Semua</String>
  <String id="10114">Lewati Nihil</String>
  <String id="10115">Saring Saluran</String>
  <String id="10130">Email</String>
  <String id="10131">Akun</String>
  <String id="10132">Nama Pengguna</String>
  <String id="10133">Password</String>
  <String id="10134">Ulangi Password</String>
  <String id="10135">Alamat Email</String>
  <String id="10136">hanya bila berbeda dari nama pengguna</String>
  <String id="10137">Cari Sekarang</String>
  <String id="10138">Alamat</String>
  <String id="10139">Penerima Email</String>
  <String id="10140">Uji Kirim Email</String>
  <String id="10141">SMTP</String>
  <String id="10142">Penyedia</String>
  <String id="10143">Port</String>
  <String id="10144">Server SMTP</String>
  <String id="10145">SSL</String>
  <String id="10146">Aktifkan Balas Email</String>
  <String id="10147">Email Bila Baru</String>
  <String id="10160">Setelan</String>
  <String id="10161">Periksa EPG</String>
  <String id="10162">Senin</String>
  <String id="10163">Selasa</String>
  <String id="10164">Rabu</String>
  <String id="10165">Kamis</String>
  <String id="10166">Jumat</String>
  <String id="10167">Sabtu</String>
  <String id="10168">Minggu</String>
  <String id="10169">Setiap</String>
  <String id="10170">Hari</String>
  <String id="10171">Jam</String>
  <String id="10172">Menit</String>
  <String id="10173">Pada</String>
  <String id="10174">Periksa EPG</String>
  <String id="10175">sebelum setiap jadwal</String>
  <String id="10176">Tanggal Pemeriksaan Tv Server Selanjutnya:</String>
  <String id="10177">Kriteria Cocok untuk Film dan Episode Berulang</String>
  <String id="10178">Tanda Pengulang EPG pada Judul atau Deskripsi</String>
  <String id="10179">Opsi Lainnya</String>
  <String id="10180">Perekaman Otomatis</String>
  <String id="10181">Konflik Jadwal</String>
  <String id="10182">Hapus EPG Berubah</String>
  <String id="10183">Restorasi Nilai Baku</String>
  <String id="10184">CPU Lambat</String>
  <String id="10185">Lewati Menghapus</String>
  <String id="10186">Kadaluarsa Terhapus:</String>
  <String id="10187">Bulan</String>
  <String id="10188">Maks Jadwal Per Wish</String>
  <!--Date Time Format with 10189-10191 combined-->
  <String id="10189">MM/dd/yyyy</String>
  <String id="10190">HH:mm</String>
  <String id="10191">{0} pada {1}</String>
  <String id="10192">Tunggu Proses ComSkip</String>
  <String id="10193">EPG</String>
  <String id="10200">Format</String>
  <String id="10201">Format Tanggal dan Waktu untuk Email</String>
  <String id="10202">Format Email</String>
  <String id="10203">File Bahasa</String>
  <String id="10204">Kriteria Sortir</String>
  <String id="10205">Pengguna ahli dapat mendefinisikan format sesuaian untuk email yang dikirimkan</String>
  <String id="10206">Sortir Menurun</String>
  <String id="10207">Kriteria Saringan</String>
  <String id="10208">Email</String>
  <String id="10209">Rekam</String>
  <String id="10210">Konflik</String>
  <String id="10211">Hapus Semua Pesan</String>
  <String id="10250">Menunggu pekerjaan lama selesai dari {0}. Coba lagi nanti. Bila pekerjaan tersebut tidak selesai anda harus reboot atau menghentikan secara manual Tvserver</String>
  <String id="10251">Menutup Konfigurasi Tv</String>
  <String id="10252">Memproses yang sedang berjalan - mohon tunggu hingga selesai</String>
  <String id="10253">Sukses</String>
  <String id="10254">Gagal Kirim Email</String>
  <String id="10255">Minimal {0} adalah {1}</String>
  <String id="10256">Maksimal {0} adalah {1}</String>
  <String id="10257">Tidak dapat membuka {0}</String>
  <String id="10258">Anda yakin untuk menghapus semua pesan anda? PERINGATAN: Ini akan menghapus riwayat pesan anda termasuk pesan yang terhapus. Pastikan plugin TvWishListMP MediaPortal telah ditutup!\"</String>
  <String id="10259">Pesan dihapus</String>
  <String id="10260">Operasi dibatalkan</String>
  <String id="10261">Apakah anda ingin merestorasi semua format ke nilai baku? Ini akan menimpa semua setelan dan semua format</String>
  <String id="10262">Periksa username dan password anda\n Galat Server adalah:\n{0}</String>
  </Section>
</Language>
