<?xml version='1.0' encoding='UTF-8'?>
<Language>
  <Section name="unmapped">
  <!--DO NOT CHANGE ENGLISH COMMENTS INTO ANOTHER LANGUAGE-->
  <!--Owner: huha-->
  <!--Version 1.2.1.0
- initial release


Version 1.2.1.5
- added preferred group and episode criteria

Version 1.2.3.0
- added TvWishListMP2 strings - new strings are 100-102, 1108-1109, 1206, 3001, 3104, 3506-3508, 3652-3653, 5000 and up

Version 1.2.3.6
-added string 1110, 4312, 5051-5052, 5204-5216,6203, 7002, 8110-8111, 10000 and up

Version 1.2.3.10
- added 200-201

Version 1.2.3.11
-added 10192-10193,10262

Version 1.2.3.13
-added 2853,1059-1062,3509-->
  <!--TVSERVER VECTORSIZE=5000-->
  <!--MP2 Display in main menu-->
  <String id="100">TVPageidavimųSąrašas</String>
  <String id="101">TV Pageidavimas</String>
  <String id="102">Naujas TV Pageidavimas</String>
  <!--SlimTv Buttons in MP2-->
  <!-- MP2STR:CreateTvWish -->
  <String id="200">Sukurti TVPageidavimą</String>
  <!-- MP2STR:AlternatePrograms -->
  <String id="201">Alternatyvios programos</String>
  <!--************************************************************-->
  <!--TV WishList - Main-->
  <!--************************************************************-->
  <String id="1000">TV PageidavimųSąrašas - pagrindinis</String>
  <!--Quick Menu from Skins-->
  <String id="1050">TVPageidavimųSąrašo greitasis meniu</String>
  <String id="1051">Kurti TVPageidavimo antraštę</String>
  <String id="1052">Kurti TVPageidavimą su Visais</String>
  <String id="1053">Kurti TVPageidavimą su antrašte Epašto režime</String>
  <String id="1054">Kurt TVPageidavimą su antrašte RodytiTiktai režime</String>
  <String id="1055">Kurt TVPageidavimą su Visais Epašto režime</String>
  <String id="1056">Kurt TVPageidavimą su Visais RodytiTikrai režime</String>
  <String id="1057">Eiti į TVPageidavimai pagrindinį</String>
  <String id="1058">Eiti į TVPageidavimų sąrašo rezultatus</String>
  <String id="1059">Kurti TVPgeidavimą ir Ieškoti EPG</String>
  <String id="1060">Sukurti TVPageidavimą</String>
  <String id="1061">Naudoti Tiktai peržiūros režimą</String>
  <String id="1062">Naudoti Epašto ir Įrašo režimą</String>
  <!--Buttons-->
  <String id="1100">TikPeržiūrėti režimas</String>
  <String id="1101">Pašto ir Įrašymo režimas</String>
  <String id="1102">Leisti EPG paiešką</String>
  <String id="1103">Žiūrėti rezultatus</String>
  <String id="1104">Naujas</String>
  <String id="1105">Išsaugoti</String>
  <String id="1106">Atšaukti</String>
  <String id="1107">Daugiau</String>
  <String id="1108">Rezultatai</String>
  <String id="1109">Režimas</String>
  <String id="1110">Redaguoti</String>
  <!--Run EPG Search-->
  <String id="1200">Palaukti kol bus baigtas senasis procesas</String>
  <String id="1201">Ankstesnė paieška dar vykdoma - \n prašome palaukti</String>
  <String id="1202">EPG paieška vykdoma - prašome palaukti</String>
  <String id="1203">Dabar rodoma seka \n neužbaigta laiku - atšaukiama</String>
  <String id="1204">EPG paieška baigta</String>
  <String id="1205">Anksčiau pradėta seka \n neužbaigta laiku - atšaukiama</String>
  <String id="1206">Sujungimas su serveriu nepavyko - perkrauti TV Serverį</String>
  <!--Save-->
  <String id="1300">TVPageidavimo duomenys išsaugoti</String>
  <String id="1301">TVPageidavimo duomenys neišsaugoti</String>
  <!--Cancel-->
  <String id="1400">TVPageidavimo duomenys perkrauti</String>
  <String id="1401">TVPageidavimo duomenys neužkrauti</String>
  <!--More  Menu-->
  <String id="1500">Visi aktyvūs</String>
  <String id="1501">Nėra aktyvių</String>
  <String id="1502">Praleisti visus</String>
  <String id="1503">Nieko nepraleisti</String>
  <String id="1504">Kopijuoti TVPageidavimus iš Tik Žiūrėti į Elaiškus</String>
  <String id="1505">Kopijuoti TVPageidavimus iš Elaiškams į Tik Žiūrėti</String>
  <String id="1506">Perkelti Tvarkaraščius į TVPageidavimus</String>
  <String id="1507">Eksportuoti</String>
  <String id="1508">Importuoti</String>
  <!--More  Status-->
  <String id="1550">{0} Pageidavimas (-ai) perkopijuoti iš \n Tik Žiūrėti į Elaiškų režimą</String>
  <String id="1551">Nepavyko kopijuoti TVPageidavimus iš \n Tik Žiūrėti į Elaiškus</String>
  <String id="1552">{0} Pageidavimas (-ai) perkopijuoti iš \n Elaiškų į Tik Žiūrėti režimą</String>
  <String id="1553">Nepavyko kopijuoti TVPageidavimus iš \n Elaiškų į Tik Žiūrėti</String>
  <String id="1554">{0} Tvarkaraščtis(ių) Perkelta į TVPagedavimus</String>
  <String id="1555">Perkėlimas Tvarkaračių į TVPageidavimus nepavyko</String>
  <String id="1556">Baigtas {0} pageidavimų eksportas</String>
  <String id="1557">Eksportas nepavyko</String>
  <String id="1558">Baigtas {0} pageidavimų importas</String>
  <String id="1559">Importas nepavyko</String>
  <!--++++++++++++++-->
  <!--Formats   Main-->
  <!--++++++++++++++-->
  <!--TvWish Format Data 1900 - 1905:
        //  {0}   active
        //  {1}   searchfor
        //  {2}   matchtype
        //  {3}   group
        //  {4}   recordtype
        //  {5}   action
        //  {6}   exclude
        //  {7}   viewed counter
        //  {8}   prerecord
        //  {9}   postrecord
        //  {10}  episodename
        //  {11}  episodepart
        //  {12}  episodenumber
        //  {13}  seriesnumber
        //  {14}  keepepisodes
        //  {15}  keepuntil
        //  {16}  recommendedcard
        //  {17}  priority
        //  {18}  aftertime
        //  {19}  beforetime
        //  {20}  afterdays
        //  {21}  beforedays
        //  {22}  channel
        //  {23}  skip
        //  {24}  name
        //  {25}  useNameFolders
        //  {26}  within next hours
        //  {27}  scheduled counter
        //  {28}  tvwish id
        //  {29}  recorded counter
        //  {30}  deleted counter
        //  {31}  emailed counter
        //  {32}  conflicts counter
        //  {33}  episodecriteria
        //  {34}  preferredgroup
        //  {35}  includerecordings
        //  <br>     new line
        //  |      item selector for not displaying user disabled items-->
  <!--Main Menu Format for 16:9 skins Email Mode-->
  <String id="1900">Aktyvus: {0}\n |Vardas: {24}\n |Ieškoti: {1}\n |Sutampa: {2}\n |Neįtraukti: {6}\n |Tipas: {4}\n |Veiksmas: {5}\n |Praleisti pasikartojančiųs: {23}\n |Pageidaujama grupė: {34}\n |ir įtraukti įrašus: {35}\n |Skaitikliai:\n Suplanuota={27}\n Įrašyta={29}\n Ištrinta={30}\n Išsiųsta={31}\n Konfliktai={32}\n |\n Tik grupė: {3} ir tiktai kanalas: {22}\n |Šią arba sekančia dieną: {20} bet prieš arba tą pačia dieną: {21}\n |Tarpe laiko: {18} ir {19}\n \n |Epizodo kriterijus: {33}\n |Epizodo vardas: {10}\n |Epizodo dalis: {11}\n |Epizodo numeris: {12}\n |Laikyti epizodus: {14}\n |Laikyti iki: {15}\n |Prioritetas: {17}\n |Prieš įrašą: {8}\n |Po įrašo: {9}\n |Rekomenduojama korta {16}\n |Perkelti bylas į Pavadinimo bylas: {25}\n |ID={28}\n</String>
  <!--Main Menu Format for 4:3 skins Email Mode-->
  <String id="1902">Aktyvus: {0}\n |Vardas: {24}\n |Ieškoti: {1}\n |Sutampa: {2}\n |Neįtraukti: {6}\n |Tipas: {4}\n |Veiksmas: {5}\n |Praleisti pasikartojančiųs: {23}\n |Pageidaujama grupė: {34}\n |ir įtraukti įrašus: {35}\n |Skaitikliai:\n Suplanuota={27}\n Įrašyta={29}\n Ištrinta={30}\n Išsiųsta={31}\n Konfliktai={32}\n |\n Tik grupė: {3} ir tiktai kanalas: {22}\n |Šią arba sekančia dieną: {20} bet prieš arba tą pačia dieną: {21}\n |Tarpe laiko: {18} ir {19}\n \n |Epizodo kriterijus: {33}\n |Epizodo vardas: {10}\n |Epizodo dalis: {11}\n |Epizodo numeris: {12}\n |Laikyti epizodus: {14}\n |Laikyti iki: {15}\n |Prioritetas: {17}\n |Prieš įrašą: {8}\n |Po įrašo: {9}\n |Rekomenduojama korta {16}\n |Perkelti bylas į Pavadinimo bylas: {25}\n |ID={28}\n</String>
  <!--Main Menu Format for 16:9 skins View Only Mode-->
  <String id="1901">Aktyvus: {0}\n |Vardas: {24}\n |Ieškoti: {1}\n |Sutampa: {2}\n |Neįtraukti: {6}\n |Tipas: {4}\n |Paspaudimų: {7}\n |\n Tik grupė: {3} ir tiktai kanalas: {22}\n |Šią arba sekančia dieną: {20} bet prieš arba tą pačia dieną: {21}\n |Tarpe laiko: {18} ir {19}\n |Rodyti tik per sekančias {26} valandas\n |Epizodo vardas: {10}\n |Epizodo dalis: {11}\n |Epizodo numeris: {12}|\n ID={28}\n</String>
  <!--Main Menu Format for 4:3 skins View Only Mode-->
  <String id="1903">Aktyvus: {0} |Vardas: {24} |Ieškoti: {1} |Sutampa: {2} |Neįtraukti: {6} |Tipas: {4} |Paspaudimų: {7}\n |Tik grupė: {3} ir tik kanalas: {22} |Šią arba sekančia dieną: {20} bet prieš arba tą pačia dieną: {21} |Tarpe laiko: {18} ir {19} |Rodyti tik per sekančias {26} valandas\n |Epizodo vardas: {10} |Epizodo dalis: {11} |Epizodo numeris: {12} |ID={28}\n</String>
  <!--List Item Format Email Mode -  use "||" to change alignment between left and right border-->
  <String id="1904">{24} || {27}/{29}</String>
  <!--List Item Format ViewOnly Mode-->
  <String id="1905">{24} || {7}</String>
  <!--************************************************************-->
  <!--TV WishList - Edit-->
  <!--************************************************************-->
  <!--TVSERVER USE FROM=2000 TO=4900 OFFSET_FROM=2000 OFFSET_TO=4900-->
  <String id="2000">TVPageidavimai - Įvestis</String>
  <!--Buttons-->
  <String id="2100">Pagrindinis meniu</String>
  <String id="2101">Praeitas</String>
  <String id="2102">Kitas</String>
  <String id="2103">Naujas</String>
  <String id="2104">Trinti</String>
  <String id="2105">Saugoti</String>
  <String id="2106">Atšaukti viską</String>
  <String id="2107">Daugiau</String>
  <!--Delete-->
  <String id="2200">TVPageidavimas ištrintas</String>
  <String id="2201">Klaida: TVPageidavimo duomenys negali būti ištrinti</String>
  <!--Save-->
  <String id="2300">TVPageidavimo duomenys išsaugoti</String>
  <String id="2301">Klaida: TVPageidavimo duomenys neišsaugoti</String>
  <!--Cancel-->
  <String id="2400">TVPageidavimo duomenys perkrauti</String>
  <String id="2401">TVPageidavimo duomenys negalėjo būti perkrauti</String>
  <!--More  Menu-->
  <String id="2450">Visi įrašai</String>
  <String id="2451">Vartotojų numatyti įrašai</String>
  <String id="2452">Rodyti vieną rezultatą</String>
  <String id="2453">Kopijuoti esama TVPageidavimą į kitą režimą</String>
  <String id="2454">{0} Pageidavimas(ai) kopijuoti į kitą režimą</String>
  <String id="2455">Nepavyko kopijuoti TVPageidavimo į kitą režimą</String>
  <String id="2456">Klonuoti TVPageidavimą</String>
  <String id="2457">TVPageidavimas klonuotas</String>
  <String id="2458">Nepavyko klonuoti TVPageidavimo</String>
  <!--Edit List Items-->
  <String id="2500">Aktyvūs: {0}</String>
  <String id="2501">Ieškoti: {0}</String>
  <String id="2502">Sutampa kaip: {0}</String>
  <String id="2503">Naudoti tik grupę: {0}</String>
  <String id="2504">Įrašyti kaip: {0}</String>
  <String id="2505">ir vykdyti: {0}</String>
  <String id="2506">Bet neįtraukti: {0}</String>
  <String id="2507">Paspaudimų: {0} (Nustatyti iš naujo paspaudimus)</String>
  <String id="2508">Prieš įrašymą: {0} minučių</String>
  <String id="2509">ir po įrašymo: {0} minučių</String>
  <String id="2510">Epizodo filtras: {0}</String>
  <String id="2511">Dalies filtras: {0}</String>
  <String id="2512">Numerio filtras: {0}</String>
  <String id="2513">Serijos numerio filtras: {0}</String>
  <String id="2514">Laikyti: {0} įrašų</String>
  <String id="2515">Iki: {0}</String>
  <String id="2516">Rekomenduojama korta: {0}</String>
  <String id="2517">Nustatyti prioritetą: {0} (min 0, maks 9)</String>
  <String id="2518">Po laiko: {0}</String>
  <String id="2519">ir prieš: {0}</String>
  <String id="2520">Po savaitės dienos (įskaitant): {0}</String>
  <String id="2521">Prieš ir įskaitans savaitės dieną: {0}</String>
  <String id="2522">ir tik kanalas: {0}</String>
  <String id="2523">Praleisti pasikartojančius epizodus: {0}</String>
  <String id="2524">Vardas: {0}</String>
  <String id="2525">Perkelti įrašus į: {0} aplanką</String>
  <String id="2526">Rodyti tik per sekančias: {0} valandą(as)</String>
  <String id="2533">Naudoti epizodo atitinatį kriterijų: {0}</String>
  <String id="2534">Pageidaujama kanalo grupė: {0}</String>
  <String id="2535">Įtraukti įrašus: {0}</String>
  <!--MatchType-->
  <String id="2600">Dalinė antraštė</String>
  <String id="2601">Tiksli antraštė</String>
  <String id="2602">Dalinis tekstas</String>
  <String id="2603">Žodis antraštėje</String>
  <String id="2604">Žodis tekste</String>
  <String id="2605">Žodis tekste/antraštėje</String>
  <String id="2606">Išsireiškimas</String>
  <!--RecordType-->
  <String id="2650">Tik vieną kartą</String>
  <String id="2651">Visi</String>
  <String id="2652">Visi tame pačiame kanale</String>
  <String id="2653">Visi tame pačiame kanale tą pačia dieną</String>
  <String id="2654">Visi tame pačiame kanale tuo pačiu laiku</String>
  <String id="2655">Visi tame pačiame kanale, dieną ir laiku</String>
  <!--Action-->
  <String id="2700">Įrašyti</String>
  <String id="2701">Siųsti Elaišku</String>
  <String id="2702">Siųsti Elaišku ir įrašyti</String>
  <String id="2703">Vaizdas</String>
  <!--Days-->
  <String id="2750">Pirmdienis</String>
  <String id="2751">Antradienis</String>
  <String id="2752">Trečiadienis</String>
  <String id="2753">Ketvirtdaienis</String>
  <String id="2754">Penktadienis</String>
  <String id="2755">Šeštadienis</String>
  <String id="2756">Sekmadienis</String>
  <!--Dialog Headers for Edit Items-->
  <String id="2800">Aktyvus</String>
  <String id="2801">Ieškoti</String>
  <String id="2802">Sutampa</String>
  <String id="2803">Grupė</String>
  <String id="2804">Įrašo tipas</String>
  <String id="2805">Veiksmas</String>
  <String id="2806">Neįtraukti</String>
  <String id="2807">Paspaudimai</String>
  <String id="2808">Prieš įrašymo laikas</String>
  <String id="2809">Po įrašymo laikas</String>
  <String id="2810">Epizodo vardas</String>
  <String id="2811">Epizodo dalis</String>
  <String id="2812">Epizodo numeris</String>
  <String id="2813">Serijos numeris</String>
  <String id="2814">Laikyti epizodus</String>
  <String id="2815">Laikyti iki</String>
  <String id="2816">Rekomenduojama korta</String>
  <String id="2817">Prioritetas</String>
  <String id="2818">Po laiko</String>
  <String id="2819">Prieš laikč</String>
  <String id="2820">Po dienos</String>
  <String id="2821">prieš dieną</String>
  <String id="2822">Kanalas</String>
  <String id="2823">Praleisti</String>
  <String id="2824">Vardas</String>
  <String id="2825">Perkelti įrašus į aplanką</String>
  <String id="2826">Rodyti tik per sekančia valandą(as)</String>
  <String id="2833">Keisti epizodo atitikimo kriterijų</String>
  <String id="2834">Pageidajama kanalo grupė</String>
  <String id="2835">Įtraukiant įrašus</String>
  <!--Use Name Folder-->
  <String id="2850">Epizodas</String>
  <String id="2851">TVPageidavimo vardas</String>
  <String id="2852">Niekas</String>
  <String id="2853">Automatinis</String>
  <!--Keep Until-->
  <String id="2900">Visada</String>
  <String id="2901">Dienų po įrašymo</String>
  <String id="2902">Savaičių po įrašymo</String>
  <String id="2903">Mėnesių po įrašymo</String>
  <String id="2904">Data</String>
  <String id="2905">Žiūrėta</String>
  <String id="2906">Reikia vietos</String>
  <String id="2920">{0} dienų po įrašymo</String>
  <String id="2921">{0} savaičių po įrašymo</String>
  <String id="2922">{0} mėnesių po įrašymo</String>
  <!--DO NOT CHANGE FORMAT in 2923-->
  <String id="2923">YYYY-MM-DD</String>
  <!--Change episode matching criteria-->
  <String id="2950">Praleisti EPG atitikimo aprašymus? (Taip)</String>
  <String id="2951">Praleisti EPG atitikimo aprašymus? (Ne)</String>
  <String id="2952">Praleisti atitinkančius epizodo vardus ir dalis? (Taip)</String>
  <String id="2953">Praleisti atitinkančius epizodo vardus ir dalis? (Ne)</String>
  <String id="2954">Praleisti atitinkačias serijas ir epizodų numerius? (Taip)</String>
  <String id="2955">Praleisti atitinkačias serijas ir epizodų numerius? (Ne)</String>
  <String id="2960">Apr.</String>
  <String id="2961">Vardas</String>
  <String id="2962">Numeris</String>
  <String id="2970">Įjungti visus kriterijus</String>
  <String id="2971">Išjungti visus kriterijus</String>
  <!--************************************************************-->
  <!--TV WishList - View Results-->
  <!--************************************************************-->
  <String id="3000">TVPageidavimai - rezultati</String>
  <String id="3001">Programa</String>
  <!--Buttons-->
  <String id="3100">Pagrindinis meniu</String>
  <String id="3101">Atnaujinti</String>
  <String id="3102">Rūšiuoti</String>
  <String id="3103">Filtruoti</String>
  <String id="3104">Rūšiavimo tvarka</String>
  <!--Sort Menu-->
  <String id="3200">Rūšiavimo meniu</String>
  <String id="3201">Antraštė</String>
  <String id="3202">Pradžia</String>
  <String id="3203">Sukurta</String>
  <String id="3204">Žandras</String>
  <String id="3205">Klasifikacija</String>
  <String id="3206">Tėvų priežiūros vertinimas</String>
  <String id="3207">Pradėti vertinti</String>
  <String id="3208">Tipas</String>
  <String id="3209">Žinutė</String>
  <String id="3210">Paieškos eilutė</String>
  <String id="3211">Epizodo vardas</String>
  <String id="3212">Epizodo numeris</String>
  <String id="3213">Epizodo dalis</String>
  <!--Filter Menu-->
  <String id="3250">Filtro meniu</String>
  <String id="3251">Vaizds</String>
  <String id="3252">Be vaizdo</String>
  <String id="3253">Išsiųsta Elaišku</String>
  <String id="3254">Neišsiųsta Elaišku</String>
  <String id="3255">Suplanuota</String>
  <String id="3256">Nesuplanuota</String>
  <String id="3257">Įrašyta</String>
  <String id="3258">Neįrašyta</String>
  <String id="3259">Ištrinta</String>
  <String id="3260">Neištrinta</String>
  <String id="3261">Konfliktai</String>
  <String id="3262">Be konfliktų</String>
  <String id="3263">Visi</String>
  <String id="3264">Niekas</String>
  <!--Item Menu-->
  <String id="3500">Eiti į TV</String>
  <String id="3501">Trinti tvarkaraštį</String>
  <String id="3502">Tvarkaraštis</String>
  <String id="3503">Trinti žinutę</String>
  <String id="3504">Trinti įrašą ir filmą</String>
  <String id="3505">Eiti į įrašus</String>
  <String id="3506">Eiti į Video</String>
  <String id="3507">Eiti į serijas</String>
  <String id="3508">Eiti į EPG</String>
  <String id="3509">Groti</String>
  <!--Item Status-->
  <String id="3600">Pridėtas tvarkaraštis</String>
  <String id="3601">Nepavyko pridėti tvarkaraščio</String>
  <String id="3602">Tvarkaraštis ištrintas</String>
  <String id="3603">Nepavyko ištrinti tvarkaraščio</String>
  <String id="3604">Žinutė ištrinta</String>
  <String id="3605">Nepavyko ištrinti žinutės</String>
  <String id="3606">Įrašas ištrintas</String>
  <String id="3607">Nepavyko ištrinti įrašo</String>
  <String id="3608">Ar tikrai norite ištrinti failą</String>
  <!--Message Changes-->
  <String id="3650">Failas {0} yra {1} GB</String>
  <String id="3651">Failas ištrintas</String>
  <String id="3652">Rūšiavimas didėjančia tvarka</String>
  <String id="3653">Rūšiavimas mažėjančia tvarka</String>
  <!--++++++++++++++-->
  <!--Formats   View-->
  <!--++++++++++++++-->
  <!--Message Format Data 3900-3905:
        //  {0}  Title
        //  {1}  Description
        //  {2}  Channel
        //  {3}  Start
        //  {4}  End
        //  {5}  EpisodeName
        //  {6}  EpisodeNum
        //  {7}  EpisodeNumber
        //  {8}  EpisodePart
        //  {9}  Genre
        //  {10} Classification
        //  {11} OriginalAirDate
        //  {12} ParentalRating
        //  {13} SeriesNum
        //  {14} StarRating
        //  {15} type
        //  {16} channel_id
        //  {17} created
        //  {18} searchstring
        //  {19} tvwish_id
        //  {20} recording_id
        //  {21} Message   
        //  <br>   new line-->
  <!--Found Format for 16:9 skins Email Mode-->
  <String id="3900">{21}\n Antraštė: {0}\n Kanalas: {2}\n Pradėti: {3}\n Baigti: {4}\n Tipas: {15}\n Aprašymas: {1}\n \n Žanras: {9}\n Klasifikacija: {10}\n Tėvų priežiūros vertinimas: {12}\n Vertinimas žvaigždutėmis: {14}\n Epizodo dalis: {8}\n Epizodo vardas: {5}\n Epizodo numeris: {6}\n Ieškota pagal: {18} ir {17}\n TVPageidavimoID={19}\n ĮrašoID={20}\n KanaloID={16}\n \n</String>
  <!--Found Format for 4:3 skins Email Mode-->
  <String id="3902">{21}\n Antraštė: {0}\n Kanalas: {2}\n Pradėti: {3}\n Baigti: {4}\n Tipas: {15}\n Aprašymas: {1}\n \n Žanras: {9}\n Klasifikacija: {10}\n Tėvų priežiūros vertinimas: {12}\n Vertinimas žvaigždutėmis: {14}\n Epizodo dalis: {8}\n Epizodo vardas: {5}\n Epizodo numeris: {6}\n Ieškota pagal: {18} ir {17}\n TVPageidavimoID={19}\n ĮrašoID={20}\n KanaloID={16}\n</String>
  <!--Found Format for 16:9 skins View Only Mode-->
  <String id="3901">{21}\n Antraštė: {0}\n Kanalas: {2}\n Pradėti: {3}\n Baigti: {4}\n Tipas: {15}\n Aprašymas: {1}\n \n Žanras: {9}\n Klasifikacija: {10}\n Tėvų priežiūros vertinimas: {12}\n Vertinimas žvaigždutėmis: {14}\n Epizodo dalis: {8}\n Epizodo vardas: {5}\n Epizodo numeris: {6}\n Ieškota pagal: {18} ir {17}\n TVPageidavimoID={19}\n ĮrašoID={20}\n KanaloID={16}\n \n</String>
  <!--Found Format for 4:3 skins View Only Mode-->
  <String id="3903">{21}\n Antraštė: {0}\n Kanalas: {2}\n Pradėti: {3}\n Baigti: {4}\n Tipas: {15}\n Aprašymas: {1}\n \n Žanras: {9}\n Klasifikacija: {10}\n Tėvų priežiūros vertinimas: {12}\n Vertinimas žvaigždutėmis: {14}\n Epizodo dalis: {8}\n Epizodo vardas: {5}\n Epizodo numeris: {6}\n Ieškota pagal: {18} ir {17}\n TVPageidavimoID={19}\n ĮrašoID={20}\n KanaloID={16}\n</String>
  <!--List Item Format Email Mode - use "||" to change alignment between left and right border-->
  <String id="3904">{0} || {3}</String>
  <!--List Item Format ViewOnly Mode-->
  <String id="3905">{0} || {3}</String>
  <!--************************************************************-->
  <!--General-->
  <!--************************************************************-->
  <!--Bool-->
  <String id="4000">Teisingas</String>
  <String id="4001">Neteisingas</String>
  <!--Default Data TvWish-->
  <String id="4100">Bet koks</String>
  <String id="4101">Visada</String>
  <String id="4102">Pasirinktas</String>
  <String id="4103">Nieko</String>
  <String id="4104">Visi kanalai</String>
  <String id="4105">Visi</String>
  <!--Mode Header-->
  <String id="4200">Elaiško ir įrašymo režimas</String>
  <String id="4201">Tik žiūrėjimo režimas</String>
  <!--Errors-->
  <String id="4300">Patikrinkit MediaPortal Log failą</String>
  <String id="4301">Nerasta įrašų</String>
  <String id="4302">Klaida kuriant įrašų sąrašą</String>
  <String id="4303">Nėra numerio</String>
  <String id="4304">Netinkamas formatas</String>
  <String id="4305">Klaida</String>
  <String id="4306">TVPageidavimų MediaPortal įskiepis \n nesutampa su TV serverio TVPageidavimų įskiepiu</String>
  <String id="4307">Įrašo aplankas turėjo būti pakeistas \n Epizodo aplanku</String>
  <String id="4308">Įrašo tipas turėjo būti pakeistas į Visi</String>
  <String id="4309">Laikyti Epizodus numeris turėjo būti pakeistas į Visi</String>
  <String id="4310">Perkelti tvarkaraščius veikia tik Elaiškų režime</String>
  <String id="4311">TVPageidavimai vykdomas \n kito proceso \n Bandykite vėliau \n Jei kitasprocesas negali būti baigtas \n prašom perkrauti sistema \n arba sustabdyti TV serverį rankiniu būdu</String>
  <String id="4312">Klaida - baigėsi skirtas laikas: bandykite perkrauti serverį. \n Jei tai kartojasi bandykit didinti skirtąjį laiką eksperto nustatymuose</String>
  <!--Others-->
  <String id="4400">Info</String>
  <String id="4401">Įspėjimas</String>
  <String id="4402">Taip</String>
  <String id="4403">Ne</String>
  <String id="4404">Visi TVPageidavimai</String>
  <String id="4405">TVPageidavimas: {0}</String>
  <!--++++++++++++++-->
  <!--Formats   View-->
  <!--++++++++++++++-->
  <!--Date Time Format for all modules
        //   {0:0000} year
        //   {1:00}   month
        //   {2:00}   day
        //   {3:00}   hour
        //   {4:00}   minute
        //   {5:00}   second
        //   {6}      timeofday
        //   {7}      date-->
  <String id="4900">{1:00}/{2:00}/{0:00} at {3:00}:{4:00}</String>
  <!--************************************************************-->
  <!--Config Main MP2-->
  <!--************************************************************-->
  <!-- MP2STR:ConfigMain_GUI -->
  <String id="5000">Pagrindiniai nustatymai</String>
  <!-- MP2STR:ConfigMain_GUI_Help -->
  <String id="5001">Nustatyti pagrindinius nustatymus</String>
  <!-- MP2STR:ConfigTvserver -->
  <String id="5050">Prieš naudojant MediaPortal įskiepį jūs turite sukonfiguruoti ir išbandyti TVPageidavimų TVServerio įskeipį</String>
  <String id="5051">Prieš naudojant MediaPortal įskiepį jūs turite</String>
  <String id="5052">sukonfiguruoti ir išbandyti TVPageidavimų TVServerio įskeipį</String>
  <!-- MP2STR:CancelButtonText -->
  <String id="5100">Nutraukti</String>
  <!-- MP2STR:SaveButtonText -->
  <String id="5101">Išsaugoti</String>
  <!-- MP2STR:HelpButtonText -->
  <String id="5102">Pagalba</String>
  <!-- MP2STR:Verbose -->
  <String id="5200">Derinti (debug)</String>
  <!-- MP2STR:DisableQuickMenu -->
  <String id="5201">Išjungti TVPageidavimų greitąjį meniu</String>
  <!-- MP2STR:TimeOut -->
  <String id="5202">Baigėsi skirtasis laikas</String>
  <!-- MP2STR:TimeOutDescription -->
  <String id="5203">Keisti skirtojo laiko 60 tiktai jei pastebite klaidas</String>
  <!-- MP2STR:SaveToTvServer -->
  <String id="5204">Tai išsaugos kliento nustatymus TV serveryje</String>
  <!-- MP2STR:LoadFromTvServer -->
  <String id="5205">Tai užkraus kliento nustatymus iš tv serverio</String>
  <!-- MP2STR:DisableInfoWindows -->
  <String id="5206">Išjungti Info žinučių langus</String>
  <!-- MP2STR:Load -->
  <String id="5207">Užkrauti</String>
  <!-- MP2STR:SaveLoad -->
  <String id="5208">Išsaugoti/užkrauti kliento nustatymus į/iš TV serverio</String>
  <!-- MP2STR:SaveQuestion -->
  <String id="5209">Ar norite išsaugoti kliento nustatymus TV serveryje užrašant ant esamų?</String>
  <!-- MP2STR:LoadQuestion -->
  <String id="5210">Ar norite užkrauti kliento nustatymus iš TV serverio užrašant ant esamų?</String>
  <!-- MP2STR:SaveToTV -->
  <String id="5211">Išsaugoti į TV serverį</String>
  <!-- MP2STR:LoadFromTV -->
  <String id="5212">Užkrauti iš TV serverio</String>
  <!-- MP2STR:LoadComplete -->
  <String id="5213">Kliento nusttymai užkrauti iš TV serverio</String>
  <!-- MP2STR:LoadError -->
  <String id="5214">Kliento nustatymai neužkrauti iš TV serverio</String>
  <!-- MP2STR:SaveComplete -->
  <String id="5215">Kliento nustatymai išsaugoti TV serveryje</String>
  <!-- MP2STR:SaveError -->
  <String id="5216">Kliento nustatymai neišsaugoti TV serveryje</String>
  <!--************************************************************-->
  <!--Config Filter MP2-->
  <!--************************************************************-->
  <!-- MP2STR:ConfigFilter_GUI -->
  <String id="6000">Filtruoti konfiguraciją</String>
  <!-- MP2STR:ConfigFilter_GUI_Help -->
  <String id="6001">Konfiguruoti filtro nustatymus. Visi pasirinkti įrašai bus leidžiami redaguoti TVPageidavimams. Išjungti įrašai naudos numatytąsias reikšmes.</String>
  <!-- MP2STR:SelectItemLabel -->
  <String id="6100">Pasirinkite filtro įrašus kuriuos norite redaguoti</String>
  <!-- MP2STR:UnSelectItemLabel -->
  <String id="6101">Nepasirinkti įrašai negali būti redaguojami TVPageidavimams ir naudos numatytuosius nustatymus</String>
  <!-- MP2STR:AllButtonText -->
  <String id="6200">Visi</String>
  <!-- MP2STR:NoneButtonText -->
  <String id="6201">Niekas</String>
  <!-- MP2STR:DefaultsButtonText -->
  <String id="6202">Numatytieji</String>
  <!-- MP2STR:DefaultsQuestion -->
  <String id="6203">Gražinant į numatytąsias reikšmes esami laukai visuose puslapiuose bus užrašyti  numatytomis reikšmėmis - ar norite tęsti?</String>
  <!--************************************************************-->
  <!--Config Defaults MP2-->
  <!--************************************************************-->
  <!-- MP2STR:ConfigDefaults_GUI -->
  <String id="7000">Numatytųjų konfiguracija</String>
  <!-- MP2STR:ConfigDefaults_GUI_Help -->
  <String id="7001">Konfiguruoti numatytuosius nustatymus. Taip bus naudojami pasirinkti numatytieji nustatymai kiekvienam naujam TVPageidavimui.  Išjungti įrašai gaus numatytąsias reikšmes.</String>
  <String id="7002">Numatytųjų patikrinimas</String>
  <!--************************************************************-->
  <!--Config Formats MP2-->
  <!--************************************************************-->
  <!-- MP2STR:ConfigFormats_GUI -->
  <String id="8000">Formatų konfiguravimas</String>
  <!-- MP2STR:ConfigFormats_GUI_Help -->
  <String id="8001">Konfiguruoti formato nustatymus. Tušti formatų įrašai naudos formatus numatytus kalbos failuose</String>
  <!-- MP2STR:DateAndTimeFormat -->
  <String id="8100">Datos ir laiko formatai</String>
  <!-- MP2STR:MainItemFormat -->
  <String id="8101">Pagrindinio meniu įrašų formatas</String>
  <!-- MP2STR:ResultItemFormat -->
  <String id="8102">Rezultatų meniu įrašų formatas</String>
  <!-- MP2STR:MainTextBoxFormat -->
  <String id="8103">Pagrindinio meniu teksto langelio formatas</String>
  <!-- MP2STR:ResultTextBoxFormat -->
  <String id="8104">Rezultatų meniu teksto langelio formatas</String>
  <!-- MP2STR:GroupboxGeneral -->
  <String id="8105">Bendrieji formatai</String>
  <!-- MP2STR:GroupboxListItemFormats -->
  <String id="8106">Sąrašo įrašų formatai</String>
  <!-- MP2STR:GroupboxEmailAndRecordModus -->
  <String id="8107">Elaiškų ir įrašų režimai</String>
  <!-- MP2STR:GroupboxViewOnlyModus -->
  <String id="8108">Tik žiūrėjimo režimai</String>
  <!-- MP2STR:FormatExpertLabel -->
  <String id="8109">Formatai turi būti keičiami tik ekspertų. Tušti laukai naudos numatytąsias reikšmes iš kalbos failo</String>
  <String id="8110">Formatai turėtų būti keičiami tik ekspertų.</String>
  <String id="8111">Tušti laukai naudos numatytąsias reikšmes iš kalbos failo</String>
  <!--************************************************************-->
  <!--TV Server Run EPG Messages-->
  <!--************************************************************-->
  <!--TVSERVER USE FROM=10000 TO=10300 OFFSET_FROM=0 OFFSET_TO=300-->
  <String id="10001">Laukiam kol bus baigti senosios užduotys {0}</String>
  <String id="10002">Klaida: TVPageidavimai nebaigė užduoties - perkraukite kompiuterį</String>
  <String id="10003">Perkraunami duomenų nustatymai</String>
  <String id="10004">Užkraunamos žinutės</String>
  <String id="10005">Užkraunami TVPageidavimai</String>
  <String id="10006">Ieškoma {0}</String>
  <String id="10007">Siunčiame adresu {0}</String>
  <String id="10008">Klaida: nenurodytas SMTP</String>
  <String id="10009">Klaida: nenurodytas vartotojas</String>
  <String id="10010">Klaida: Nenurodytas slaptažodis</String>
  <String id="10011">Klaida: nenurodytas gavėjo e-adresas</String>
  <String id="10012">Klaida: negalimi tiekėjo nustatymai</String>
  <String id="10013">Klaida: nenurodytas serverio adresas</String>
  <String id="10014">Klaida: nepavyko pasiekti POP3 serverio</String>
  <String id="10015">Klaida: nenurodytas SMTP portas</String>
  <String id="10016">Pavyko išsiųsti grižtamuosius laiškus</String>
  <String id="10017">Klaida: nepavyko išsiųsti grižtamųjų laiškų - patikrinkite vartotojo vardą</String>
  <String id="10018">Klaida: nepavyko išsiųsti grižtamųjų laiškų - patikrinkite slaptažodį</String>
  <String id="10019">Klaida: nepavyko išsiųsti grižtamųjų laiškų</String>
  <String id="10020">Pasiruošęs</String>
  <String id="10021">Apdorojami EPG duomenys {0} iš {1} pas {2}</String>
  <String id="10022">Apdorojami EPG duomenys {0} pas {1}</String>
  <String id="10023">Klaida: slaptažodis netinkamas ir nustatytas iš naujo - įveskite iš naujo</String>
  <String id="10024">Esminė klaida: tikrinkite logų failą</String>
  <String id="10025">Klaida SQL užklausoje - tikrinti išsireiškimą {0}</String>
  <!--************************************************************-->
  <!--TV Server Message  Creation-->
  <!--************************************************************-->
  <String id="10050">Tvarkaraštis {0} neturi tinkamų EPG duomenų bet gali būti ptaisytas</String>
  <String id="10051">Tvarkaraštis {0} neturi tinkamų EPG duomenų - tikrinkite tvarkaraščio konfliktus</String>
  <String id="10052">Tvarkaraštis {0} neturi tinkamų EPG duomenų - tikrinkite tvarkaraščio konfliktus</String>
  <String id="10053">EPG duomenys pasikeitė Epizode/prašyme arba EPG laikas kitas - ištriname esamą tvarkaraštį ir bandome iš naujo</String>
  <String id="10054">Tvarkaraščio konfliktas turi būti išspręstas vartotojo</String>
  <String id="10055">Pašalinama programa {0} kadangi pašalinta filtro aplinkybė {1}</String>
  <String id="10056">Pašalinama programa {0} dėl wordcheck filtro aplinkybės </String>
  <String id="10057">Pašalinama programa {0} dėl wordcheck filtro aplinkybės </String>
  <String id="10058">Rastas maksimalus programų skaičius ({0}) - kiti atitikmenys nebus rodomi</String>
  <String id="10059">{0} po {1} GB</String>
  <String id="10060">Nepavyko pridėti programą {0}</String>
  <String id="10061">Nepavyko sukurti tvarkaraščio programai {0}</String>
  <String id="10062">Programai {0} jau sukurtas tvarkaraštis</String>
  <String id="10063">Praleidžiama progrma {0} nes nėra tarp {1} ir {2}</String>
  <String id="10064">Praleidžiama progrma {0} nes nėra tarp {1} ir {2}</String>
  <String id="10065">Praleidžiama programa {0} kadangi nėra per {1} valandų</String>
  <String id="10066">Praleidžiama programa {0} kadangi neatitinka reikalaujamo kanalų filtro {1}</String>
  <String id="10067">Praleidžiama programa {0} kadangi neatitinka reikalaujamo epizodo dalies {1}</String>
  <String id="10068">Praleidžiama programa {0} kadangi neatitinka reikalaujamo epizodo vardo {1}</String>
  <String id="10069">Praleidžiama programa {0} kadangi neatitinka reikalaujamo serijos numerio {1}</String>
  <String id="10070">Praleidžiama programa {0} kadangi neatitinka reikalaujamo epizodo numerio {1}</String>
  <String id="10071">Programa {0} jau įrašyta</String>
  <String id="10072">Programa {0} jau ištrinta ir praleista</String>
  <String id="10073">Programos pradžios laikas {0} jau praėjęs - tvarkaraštį praleisime</String>
  <String id="10074">Rastas pasikartojantis tvarkaraštis {0} - praleidžiame</String>
  <String id="10075">Programa {0} konfliktuoja ir nebus sudarytas tvarkaraštis</String>
  <String id="10076">Trinamas tvarkaraštis {0} dėl žemo prioriteto</String>
  <String id="10077">Tvarkaraštis {0} nėra pakankamo prioriteto kad panaikintų konfliktus - praleidžiame</String>
  <String id="10078">Prioritetinėje grupėje rastas geresnis tvarkaraštis</String>
  <String id="10079">TVPageidavimųSąrašas rado programą iš TVPageidavimų [{0}]: {1}\n TVPageidavimųSąršas sudarė programos tvarkaraštį</String>
  <String id="10080">TVPageidavimųSąrašas rado programą iš TVPageidavimų [{0}]: {1}\n TVPageidavimųSąršas nesudarė programos tvarkaraščio bet primena programą</String>
  <!--Email Format Default - will be sent with each email for a found program (use format entries from message format at 3900)-->
  <String id="10090">NAUJAS ĮRAŠAS\n Antraštė={0}\n Aprašymas={1}\n Kanalas={2}\n Pradžia={3}\n Pabaiga={4}\n Tipas={15}\n Sukurta={17}\n \n \n</String>
  <String id="10091">{1:00}/{2:00} pas {3:00}:{4:00}</String>
  <!--************************************************************-->
  <!--TV Server Configuration-->
  <!--************************************************************-->
  <String id="10100">Pagrindinis</String>
  <String id="10101">Lengvas</String>
  <String id="10102">Ekspertinis</String>
  <String id="10103">Aukštyn</String>
  <String id="10104">Žemyn</String>
  <String id="10105">Trinti</String>
  <String id="10106">Atšaukti</String>
  <String id="10107">Numatytasis</String>
  <String id="10108">Pagalba</String>
  <String id="10109">Derinimo režimas</String>
  <String id="10110">TVPageidavimų namų puslapis</String>
  <String id="10111">Visi aktyvūs</String>
  <String id="10112">Visi neaktyvūs</String>
  <String id="10113">Praleisti visus</String>
  <String id="10114">Nieko nepraleisti</String>
  <String id="10115">Kanalų filtras</String>
  <String id="10130">Epaštas</String>
  <String id="10131">Klientas</String>
  <String id="10132">Vartotojo vardas</String>
  <String id="10133">Slaptažodis</String>
  <String id="10134">Kartoti slaptažodį</String>
  <String id="10135">Epašto adresas</String>
  <String id="10136">tiktai jei skiriasi nuo vartotojo vardo</String>
  <String id="10137">Ieškoti dabar</String>
  <String id="10138">Adresas</String>
  <String id="10139">Elaiško gavėjas</String>
  <String id="10140">Testuoti laiško siuntimą</String>
  <String id="10141">SMTP</String>
  <String id="10142">Tiekėjas</String>
  <String id="10143">Portas</String>
  <String id="10144">SMTP serveris</String>
  <String id="10145">SSL</String>
  <String id="10146">Įjungti Elaiško atsakymą</String>
  <String id="10147">Epaštu tik naujus</String>
  <String id="10160">Nustatymai</String>
  <String id="10161">Tikrinti EPG</String>
  <String id="10162">Pirmadienis</String>
  <String id="10163">Antradienis</String>
  <String id="10164">Trečiadienis</String>
  <String id="10165">Ketvirtadienis</String>
  <String id="10166">Penktadienis</String>
  <String id="10167">Šeštadienis</String>
  <String id="10168">Sekmadienis</String>
  <String id="10169">Kiekvienas</String>
  <String id="10170">Dienos </String>
  <String id="10171">Valandos</String>
  <String id="10172">Minutės</String>
  <String id="10173">pas</String>
  <String id="10174">Tikrinti EPG</String>
  <String id="10175">prieš kiekvieną tvarkaraštį</String>
  <String id="10176">Kita TV serverio tikrinimo data:</String>
  <String id="10177">Sutampantis kriterijus pasikartojantiems Filmams ir Epizodams</String>
  <String id="10178">EPG žyma antraštėje arba aprašyme</String>
  <String id="10179">Kiti pasirinkimai</String>
  <String id="10180">Automatinis įrašymas</String>
  <String id="10181">Tvarkaraščio konfliktai</String>
  <String id="10182">Trinti pakeistą EPG</String>
  <String id="10183">Atstatyti numatytąsias reikšmes</String>
  <String id="10184">Lėtas CPU</String>
  <String id="10185">Praleisti ištrintus</String>
  <String id="10186">Ištrintų galiojimo pabaiga:</String>
  <String id="10187">Mėnesiai</String>
  <String id="10188">Maksimaliai tvarkaraščių pageidavimui</String>
  <!--Date Time Format with 10189-10191 combined-->
  <String id="10189">MM/dd/yyyy</String>
  <String id="10190">HH:mm</String>
  <String id="10191">{0} pas {1}</String>
  <String id="10192">Laukiame ComSkip proceso</String>
  <String id="10193">EPG</String>
  <String id="10200">Formatai</String>
  <String id="10201">Datos ir laiko formatas Elaiškams</String>
  <String id="10202">Elaiško formatas</String>
  <String id="10203">Kalbos filas</String>
  <String id="10204">Rūšiavimo kriterijus</String>
  <String id="10205">Vartotojai ekspertai gali nustatyti įvairius formatus siunčiamiems elaiškams</String>
  <String id="10206">Rūšiavimas mažėjančia tvarka</String>
  <String id="10207">Filtro kriterijus</String>
  <String id="10208">Epaštas</String>
  <String id="10209">Įrašas</String>
  <String id="10210">Konfliktai</String>
  <String id="10211">Trinti visas žinutes</String>
  <String id="10250">Laukiama visų užduočių iš {0} pabaigos. Bandykite vėliau. Jei užduotys nebaigiamos, restartuokite arba sustabdykite TVserverį patys</String>
  <String id="10251">Uždaroma TVKonfiguracija</String>
  <String id="10252">Vykdomas procesas - prašome palaukti kol baigsime</String>
  <String id="10253">Sėkmingai</String>
  <String id="10254">Elaiškas nenusiųstas</String>
  <String id="10255">Minimum {0} yra {1}</String>
  <String id="10256">Maksimum {0} yra {1}</String>
  <String id="10257">Negalėjome atidaryti {0}</String>
  <String id="10258">Norite trinti visas žinutes? ĮSPĖJIMAS: bus ištrintos visa žinučių istorija, taip pat ir ištintos. Įsitikinkite kad TVPageidavimųSarašasMP MediaPortal įskiepis uždarytas!</String>
  <String id="10259">Žinutės ištrintos</String>
  <String id="10260">Vykdymas sustabdytas</String>
  <String id="10261">Ar norite atstatyti visus formatus į numatytąsias reikšmes? Tai perrašys visus nustatymus ir visus formatus</String>
  <String id="10262">Patikrinkite vartotojo vardą ir slaptažodį\n Serverio klaida:\n {0}</String>
  </Section>
</Language>
