<?xml version='1.0' encoding='UTF-8'?>
<Language>
  <Section name="unmapped">
  <!--DO NOT CHANGE ENGLISH COMMENTS INTO ANOTHER LANGUAGE-->
  <!--Owner: huha-->
  <!--Version 1.2.1.0
- initial release


Version 1.2.1.5
- added preferred group and episode criteria

Version 1.2.3.0
- added TvWishListMP2 strings - new strings are 100-102, 1108-1109, 1206, 3001, 3104, 3506-3508, 3652-3653, 5000 and up

Version 1.2.3.6
-added string 1110, 4312, 5051-5052, 5204-5216,6203, 7002, 8110-8111, 10000 and up

Version 1.2.3.10
- added 200-201

Version 1.2.3.11
-added 10192-10193,10262

Version 1.2.3.13
-added 2853,1059-1062,3509-->
  <!--TVSERVER VECTORSIZE=5000-->
  <!--MP2 Display in main menu-->
  <String id="100">TV Wunschliste</String>
  <String id="101">TV Wunsch</String>
  <String id="102">Neuer TV Wunsch - Suche Nach:</String>
  <!--SlimTv Buttons in MP2-->
  <!-- MP2STR:CreateTvWish -->
  <String id="200">Erstelle Tv Wunsch</String>
  <!-- MP2STR:AlternatePrograms -->
  <String id="201">Zeige Alle Programme</String>
  <!--************************************************************-->
  <!--TV WishList - Main-->
  <!--************************************************************-->
  <String id="1000">TV Wunschliste - Hauptmenü</String>
  <!--Quick Menu from Skins-->
  <String id="1050">TvWunschListe Aktionen</String>
  <String id="1051">Erstelle Tv Wunsch mit Titel</String>
  <String id="1052">Erstelle Tv Wunsch mit Allem</String>
  <String id="1053">Erstelle Tv Wunsch mit Titel im Email Modus</String>
  <String id="1054">Erstelle Tv Wunsch mit Titel im Anschau Modus</String>
  <String id="1055">Erstelle Tv Wunsch mit Allem im Email Modus</String>
  <String id="1056">Erstelle Tv Wunsch mit Allem im Anschau Modus</String>
  <String id="1057">Gehe zu Tv Wunschliste - Hauptmenü</String>
  <String id="1058">Gehe zu Tv Wunschliste - Gefunden</String>
  <String id="1059">Erstelle Tv Wunsch und Suche EPG</String>
  <String id="1060">Erstelle Tv Wunsch</String>
  <String id="1061">für den Anschau Modus</String>
  <String id="1062">für den Email und Aufnahme Modus</String>
  <!--Buttons-->
  <String id="1100">Anschau Modus</String>
  <String id="1101">Email Und Aufnahme Modus</String>
  <String id="1102">Starte EPG Suche</String>
  <String id="1103">Ergebnis Anschauen</String>
  <String id="1104">Neu</String>
  <String id="1105">Speichern</String>
  <String id="1106">Wiederherstellen</String>
  <String id="1107">Mehr</String>
  <String id="1108">Ergebnisse</String>
  <String id="1109">Modus</String>
  <String id="1110">Input</String>
  <!--Run EPG Search-->
  <String id="1200">Vorheriger Prozess noch nicht beendet</String>
  <String id="1201">Vorherige Suche läuft noch - bitte warten</String>
  <String id="1202">EPG Suche läuft - bitte warten</String>
  <String id="1203">ZeitÜberschreitungsfehler - Abbruch</String>
  <String id="1204">Epg Suche beendet</String>
  <String id="1205">Vorherige EPG Suche endet nicht - Abbruch</String>
  <String id="1206">Verbindung zum Tv Server gestört - bitte Tv server neu booten</String>
  <!--Save-->
  <String id="1300">TV Wunschdaten wurden gespeichert</String>
  <String id="1301">TV Wunschdaten konnten nicht \ngespeichert werden</String>
  <!--Cancel-->
  <String id="1400">TV Wunschdaten wurden geladen</String>
  <String id="1401">TV Wunschdaten konnten nicht geladen werden</String>
  <!--More  Menu-->
  <String id="1500">Alle Aktiv</String>
  <String id="1501">Keiner Aktiv</String>
  <String id="1502">Überspringe Alle Wiederholungen</String>
  <String id="1503">Überspringe Keine Wiederholungen</String>
  <String id="1504">Kopiere TV Wunschdaten vom Anschau Modus in den Email Modus</String>
  <String id="1505">Kopiere TV Wunschdaten vom Email Modus in den Anschau Modus</String>
  <String id="1506">Verschiebe Aufnahmen in die TV Wunschliste</String>
  <String id="1507">Export</String>
  <String id="1508">Import</String>
  <!--More  Status-->
  <String id="1550">{0} Tv Wunsch/Wünsche wurden vom \nAnschau Modus in den Email Modus kopiert</String>
  <String id="1551">Fehler beim Kopieren  vom \nAnschau Modus in den Email Modus</String>
  <String id="1552">{0} Tv Wünsche wurden vom \nEmail Modus in den Anschau Modus kopiert</String>
  <String id="1553">Fehler beim Kopieren  vom \nEmail Modus in den Anschau Modus</String>
  <String id="1554">{0} Aufnahme(n) wurden zur \nTv Wunschliste verschoben</String>
  <String id="1555">Fehler beim Verschieben von Aufnahmen \nzur Tv Wunschliste</String>
  <String id="1556">Export von {0} \nTv Wunsch/Wünschen beendet</String>
  <String id="1557">Export Fehler</String>
  <String id="1558">Import von {0} \nTv Wunsch/Wünschen beendet</String>
  <String id="1559">Import Fehler</String>
  <!--++++++++++++++-->
  <!--Formats   Main-->
  <!--++++++++++++++-->
  <!--TvWish Format Data 1900 - 1905:
        //  {0}   active
        //  {1}   searchfor
        //  {2}   matchtype
        //  {3}   group
        //  {4}   recordtype
        //  {5}   action
        //  {6}   exclude
        //  {7}   viewed counter
        //  {8}   prerecord
        //  {9}   postrecord
        //  {10}  episodename
        //  {11}  episodepart
        //  {12}  episodenumber
        //  {13}  seriesnumber
        //  {14}  keepepisodes
        //  {15}  keepuntil
        //  {16}  recommendedcard
        //  {17}  priority
        //  {18}  aftertime
        //  {19}  beforetime
        //  {20}  afterdays
        //  {21}  beforedays
        //  {22}  channel
        //  {23}  skip
        //  {24}  name
        //  {25}  useNameFolders
        //  {26}  within next hours
        //  {27}  scheduled counter
        //  {28}  tvwish id
        //  {29}  recorded counter
        //  {30}  deleted counter
        //  {31}  emailed counter
        //  {32}  conflicts counter
        //  {33}  episodecriteria
        //  {34}  preferredgroup
        //  {35}  includerecordings
        //  <br>     new line
        //  |      item selector for not displaying user disabled items-->
  <!--Main Menu Format for 16:9 skins Email Mode-->
  <String id="1900">Aktiv: {0}\n|Name: {24}\n|Suche Nach: {1}\n|Übereinstimmung: {2}\n|Ausschluss Von: {6}\n|Aufnahme Als: {4}\n|Aktion: {5}\n|Überspringe Wiederholungen: {23}\n|Bevorzugte Gruppe: {34} \n|mit Berücksichtigung von Aufnahmen: {35}\n|Zähler: \nAufnahmen={27}\nAufgenommen={29}\nGelöscht={30}\nEmails={31}\nKonflikt(e)={32}\n|\nGruppenfilter: {3}\n|Kanalfilter: {22}\n|Nach Oder Am Wochentag: {20} Bis Zum Oder Am Wochentag: {21}\n|Zwischen: {18} Und {19} Uhr\n\n|Episoden Kriterium: {33}\n|Episoden Name: {10}\n|Episoden Teil: {11}\n|Episoden Nummer: {12}\n|Behalte {14} Aufnahmen\nBis Zum: {15}\n|Priorität: {17}\n|Zusatzzeit Vor Der Aufnahme: {8} Minuten\n|Zusatzzeit Nach Der Aufnahme: {9} Minuten\n|Empfohlene Karte: {16}\n|Verschiebe Aufnahmen in den Namensordner: {25}\n</String>
  <!--Main Menu Format for 4:3 skins Email Mode-->
  <String id="1902">Aktiv: {0}     |Name: {24}     |Suche Nach: {1}     |Übereinstimmung: {2}     |Ausschluss Von: {6}     |Aufnahme Als: {4}     |Aktion: {5}     |Überspringe Wiederholungen: {23}     |Bevorzugte Gruppe: {34}     |mit Berücksichtigung von Aufnahmen: {35}\n|Zähler: \nAufnahmen={27}     Aufgenommen={29}     Gelöscht={30}     Emails={31}     Konflikt(e)={32}\n|Gruppenfilter: {3}     |Kanalfilter: {22}     |Nach Oder Am Wochentag: {20} Bis Zum Oder Am Wochentag: {21} |Zwischen: {18} Und {19} Uhr\n|Episoden Kriterium: {33}     |Episoden Name: {10}     |Episoden Teil: {11}     |Episoden Nummer: {12}     |Behalte {14} Aufnahmen Bis Zum: {15}      |Priorität: {17}\n|Zusatzzeit Vor Der Aufnahme: {8} Minuten     |Zusatzzeit Nach Der Aufnahme: {9} Minuten     |Empfohlene Karte: {16}     |Verschiebe Aufnahmen in den Namensordner: {25}\n</String>
  <!--Main Menu Format for 16:9 skins View Only Mode-->
  <String id="1901">Aktiv: {0}\n|Name: {24}\n|Suche Nach: {1}\n|Übereinstimmung: {2}\n|Ausschluss Von: {6}\n|Aufnahme Als: {4}\n|Treffer: {23}\n|\nGruppenfilter: {3}\n|Kanalfilter: {22}\n|Nach Oder Am Wochentag: {20} Bis Zum Oder Am Wochentag: {21}\n|Zwischen: {18} Und {19} Uhr\n|Innerhalb der Nächsten {26} Stunden\n\n|Episoden Name: {10}\n|Episoden Teil: {11}\n|Episoden Nummer: {12}\n</String>
  <!--Main Menu Format for 4:3 skins View Only Mode-->
  <String id="1903">Aktiv: {0}     |Name: {24}     |Suche Nach: {1}     |Übereinstimmung: {2}     |Ausschluss Von: {6}     |Aufnahme Als: {4}     |Treffer: {7}\n|Gruppenfilter: {3}     |Kanalfilter: {22}     |Nach Oder Am Wochentag: {20} Bis Zum Oder Am Wochentag: {21} |Zwischen: {18} Und {19} Uhr     |Innerhalb der Nächsten {26} Stunden\n|Episoden Name: {10}     |Episoden Teil: {11}     |Episoden Nummer: {12}\n</String>
  <!--List Item Format Email Mode -  use "||" to change alignment between left and right border-->
  <String id="1904">{24} || {27}/{29}</String>
  <!--List Item Format ViewOnly Mode-->
  <String id="1905">{24} || {7}</String>
  <!--************************************************************-->
  <!--TV WishList - Edit-->
  <!--************************************************************-->
  <!--TVSERVER USE FROM=2000 TO=4900 OFFSET_FROM=2000 OFFSET_TO=4900-->
  <String id="2000">TV Wunschliste - Eingabe</String>
  <!--Buttons-->
  <String id="2100">Hauptmenü</String>
  <String id="2101">Vorheriger</String>
  <String id="2102">Nächster</String>
  <String id="2103">Neu</String>
  <String id="2104">Löschen</String>
  <String id="2105">Speichern</String>
  <String id="2106">Alle Wiederherstellen</String>
  <String id="2107">Mehr</String>
  <!--Delete-->
  <String id="2200">TV Wunsch wurde gelöscht</String>
  <String id="2201">Error: TV Wunsch konnte nicht \ngelöscht werden</String>
  <!--Save-->
  <String id="2300">TV Wunsch wurde gespeichert</String>
  <String id="2301">Error: TV Wunsch konnte nicht \ngespeichert werden</String>
  <!--Cancel-->
  <String id="2400">TV Wunschliste wurde neu geladen</String>
  <String id="2401">TV Wunschliste konnte nicht \ngeladen werden</String>
  <!--More  Menu-->
  <String id="2450">Alle Einträge</String>
  <String id="2451">Benutzerdefinierte Einträge</String>
  <String id="2452">Einzelnes Ergebnis Anschauen</String>
  <String id="2453">Kopiere Aktuellen Tv Wunsch In Den Anderen Modus</String>
  <String id="2454">{0} Wunsch/Wünsche wurden \nin den anderen Modus kopiert </String>
  <String id="2455">Wunsch konnte nicht \nin den anderen Modus kopiert werden</String>
  <String id="2456">Dupliziere Tv Wunsch</String>
  <String id="2457">Tv Wunsch dupliziert</String>
  <String id="2458">Tv Wunsch konnte nicht dupliziert werden</String>
  <!--Edit List Items-->
  <String id="2500">Aktiv: {0}</String>
  <String id="2501">Suche Nach: {0}</String>
  <String id="2502">Übereinstimmung Als: {0}</String>
  <String id="2503">Verwende Nur Gruppe:  {0}</String>
  <String id="2504">Aufnahme Als: {0}</String>
  <String id="2505">Aktion: {0}</String>
  <String id="2506">Ausschluss Von: {0}</String>
  <String id="2507">Treffer: {0} (Setze Treffer Zurück)</String>
  <String id="2508">Zusatzzeit Vor Der Aufnahme: {0} Minuten</String>
  <String id="2509">Zusatzzeit Nach Der Aufnahme: {0} Minuten</String>
  <String id="2510">Filtere Episode: {0}</String>
  <String id="2511">Filtere Teil: {0}</String>
  <String id="2512">Filtere Nummer: {0}</String>
  <String id="2513">Filtere Serien Nummer: {0}</String>
  <String id="2514">Behalte: {0} Aufnahmen</String>
  <String id="2515">Bis: {0} </String>
  <String id="2516">Empfohlene Karte: {0}</String>
  <String id="2517">Priorität: {0} (Min 0, Max 9)</String>
  <String id="2518">Zwischen: {0} Uhr</String>
  <String id="2519">Und: {0} Uhr</String>
  <String id="2520">Nach Oder Am Wochentag: {0}</String>
  <String id="2521">Bis Zum Oder Am Wochentag: {0}</String>
  <String id="2522">Und Nur Kanal: {0}</String>
  <String id="2523">Überspringe Wiederholungen: {0}</String>
  <String id="2524">Name: {0}</String>
  <String id="2525">Verschiebe Aufnahme in: {0} Ordner</String>
  <String id="2526">Zeige Nur Innerhalb der Nächsten: {0} Stunde(n)</String>
  <String id="2533">Episoden Such Kriterium: {0}</String>
  <String id="2534">Bevorzugte Kanalgruppe: {0}</String>
  <String id="2535">mit Berücksichtigung von Aufnahmen: {0}</String>
  <!--MatchType-->
  <String id="2600">Partieller Titel</String>
  <String id="2601">Exakter Titel</String>
  <String id="2602">Partieller Text</String>
  <String id="2603">Wort im Titel</String>
  <String id="2604">Wort im Text</String>
  <String id="2605">Wort im Text/Titel</String>
  <String id="2606">SQL Ausdruck</String>
  <!--RecordType-->
  <String id="2650">Nur Einmal</String>
  <String id="2651">Alle</String>
  <String id="2652">Alle Auf Dem Gleichen Kanal</String>
  <String id="2653">Alle Auf Dem Gleichen Kanal und Tag</String>
  <String id="2654">Alle Auf Dem Gleichen Kanal und Zeit</String>
  <String id="2655">Alle Auf Dem Gleichen Kanal und Tag und Zeit</String>
  <!--Action-->
  <String id="2700">Geplante Aufnahme</String>
  <String id="2701">Email</String>
  <String id="2702">Email und Geplante Aufnahme</String>
  <String id="2703">Anschauen</String>
  <!--Days-->
  <String id="2750">Montag</String>
  <String id="2751">Dienstag</String>
  <String id="2752">Mittwoch</String>
  <String id="2753">Donnerstag</String>
  <String id="2754">Freitag</String>
  <String id="2755">Samstag</String>
  <String id="2756">Sonntag</String>
  <!--Dialog Headers for Edit Items-->
  <String id="2800">Aktiv</String>
  <String id="2801">Suche Nach</String>
  <String id="2802">Treffer Typ</String>
  <String id="2803">Gruppe</String>
  <String id="2804">Aufnahme Typ</String>
  <String id="2805">Aktion</String>
  <String id="2806">Ausschließen</String>
  <String id="2807">Treffer</String>
  <String id="2808">Zeit Vor Der Aufnahme</String>
  <String id="2809">Zeit Nach Der Aufnahme</String>
  <String id="2810">Episoden Name</String>
  <String id="2811">Episoden Teil</String>
  <String id="2812">Episoden Nummer</String>
  <String id="2813">Serien Nummer</String>
  <String id="2814">Behalte Episodenanzahl</String>
  <String id="2815">Behalte Aufnahme bis</String>
  <String id="2816">Empfohlene Karte</String>
  <String id="2817">Priorität</String>
  <String id="2818">Zeit Nach</String>
  <String id="2819">Zeit Vor</String>
  <String id="2820">Tag Nach</String>
  <String id="2821">Tag Vor</String>
  <String id="2822">Kanal</String>
  <String id="2823">Überspringe</String>
  <String id="2824">Name</String>
  <String id="2825">Verschiebe Aufnahme in Ordner</String>
  <String id="2826">Zeige Nur Innerhalb Stunde(n)</String>
  <String id="2833">Ändere Episoden Such Kriterium</String>
  <String id="2834">Bevorzugte Kanalgruppe</String>
  <String id="2835">Berücksichtigung von Aufnahmen</String>
  <!--Use Name Folder-->
  <String id="2850">Episoden</String>
  <String id="2851">Tv Wunsch Name</String>
  <String id="2852">Keinen</String>
  <String id="2853">Automatischen</String>
  <!--Keep Until-->
  <String id="2900"> Immer</String>
  <String id="2901"> Tage nach der Aufnahme</String>
  <String id="2902"> Wochen nach der Aufnahme</String>
  <String id="2903"> Monate nach der Aufnahme</String>
  <String id="2904"> Datum</String>
  <String id="2905"> Angeschaut</String>
  <String id="2906"> Speicherplatz fehlt</String>
  <String id="2920">{0} Tage nach der Aufnahme</String>
  <String id="2921">{0} Wochen nach der Aufnahme</String>
  <String id="2922">{0} Monate nach der Aufnahme</String>
  <!--DO NOT CHANGE FORMAT in 2923-->
  <String id="2923">YYYY-MM-DD</String>
  <!--Change episode matching criteria-->
  <String id="2950">Gleiche Beschreibung? (Ja)</String>
  <String id="2951">Gleiche Beschreibung? (Nein)</String>
  <String id="2952">Gleicher Folge und Staffel Name? (Ja)</String>
  <String id="2953">Gleicher Folge und Staffel Name? (Nein)</String>
  <String id="2954">Gleiche Folge und Staffel Nummer? (Ja)</String>
  <String id="2955">Gleiche Folge und Staffel Nummer? (Nein)</String>
  <String id="2960">Beschr.</String>
  <String id="2961">Name</String>
  <String id="2962">Nummer</String>
  <String id="2970">Alle Kriterien Einschalten</String>
  <String id="2971">Alle Kriterien Ausschalten</String>
  <!--************************************************************-->
  <!--TV WishList - View Results-->
  <!--************************************************************-->
  <String id="3000">TV Wunschliste - Gefunden</String>
  <String id="3001">Programm</String>
  <!--Buttons-->
  <String id="3100">Hauptmenü</String>
  <String id="3101">Aktualisieren</String>
  <String id="3102">Sortieren</String>
  <String id="3103">Filtern</String>
  <String id="3104">Sortierrichtung</String>
  <!--Sort Menu-->
  <String id="3200">Sortier Menü</String>
  <String id="3201">Titel</String>
  <String id="3202">Start</String>
  <String id="3203">Erstellt</String>
  <String id="3204">Genre</String>
  <String id="3205">Klassifikation</String>
  <String id="3206">Alersbeschränkung</String>
  <String id="3207">Stern Bewertung</String>
  <String id="3208">Typ</String>
  <String id="3209">Nachricht</String>
  <String id="3210">Suchvorgabe</String>
  <String id="3211">Episoden Name</String>
  <String id="3212">Episoden Nummer</String>
  <String id="3213">Episoden Teil</String>
  <!--Filter Menu-->
  <String id="3250">Filter Menü</String>
  <String id="3251">Anzuschauende</String>
  <String id="3252">Keine Anzuschauenden</String>
  <String id="3253">Emails</String>
  <String id="3254">Keine Emails</String>
  <String id="3255">Geplante Aufnahmen</String>
  <String id="3256">Keine Geplanten Aufnahmen</String>
  <String id="3257">Aufnahmen</String>
  <String id="3258">Keine Aufnahmen</String>
  <String id="3259">Gelöschte</String>
  <String id="3260">Keine Gelöschten</String>
  <String id="3261">Konflikte</String>
  <String id="3262">Keine Konflikte</String>
  <String id="3263">Alle</String>
  <String id="3264">Keine</String>
  <!--Item Menu-->
  <String id="3500">Gehe zu TV</String>
  <String id="3501">Lösche Geplante Aufnahme</String>
  <String id="3502">Geplante Aufnahme</String>
  <String id="3503">Lösche Eintrag</String>
  <String id="3504">Lösche Aufnahme</String>
  <String id="3505">Gehe zu Aufnahmen</String>
  <String id="3506">Gehe zu Videos</String>
  <String id="3507">Gehe zu Serien</String>
  <String id="3508">Gehe zu EPG Daten</String>
  <String id="3509">Abspielen</String>
  <!--Item Status-->
  <String id="3600">Geplante Aufnahme wurde hinzugefügt</String>
  <String id="3601">Geplante Aufnahme konnte nicht \nhinzugefügt werden</String>
  <String id="3602">Geplante Aufnahme wurde gelöscht</String>
  <String id="3603">Geplante Aufnahme konnte nicht \ngelöscht werden</String>
  <String id="3604">Nachricht wurde gelöscht</String>
  <String id="3605">Nachricht konnte nicht gelöscht werden</String>
  <String id="3606">Aufnahme wurde gelöscht</String>
  <String id="3607">Aufnahme konnte nicht gelöscht werden</String>
  <String id="3608">Soll der folgende Film wirklich \ngelöscht werden:</String>
  <!--Message Changes-->
  <String id="3650">File {0} hat {1} GB</String>
  <String id="3651">File wurde gelöscht</String>
  <String id="3652">Aufsteigende Sortierung</String>
  <String id="3653">Abfallende Sortierung</String>
  <!--++++++++++++++-->
  <!--Formats   View-->
  <!--++++++++++++++-->
  <!--Message Format Data 3900-3905:
        //  {0}  Title
        //  {1}  Description
        //  {2}  Channel
        //  {3}  Start
        //  {4}  End
        //  {5}  EpisodeName
        //  {6}  EpisodeNum
        //  {7}  EpisodeNumber
        //  {8}  EpisodePart
        //  {9}  Genre
        //  {10} Classification
        //  {11} OriginalAirDate
        //  {12} ParentalRating
        //  {13} SeriesNum
        //  {14} StarRating
        //  {15} type
        //  {16} channel_id
        //  {17} created
        //  {18} searchstring
        //  {19} tvwish_id
        //  {20} recording_id
        //  {21} Message   
        //  <br>   new line-->
  <!--Found Format for 16:9 skins Email Mode-->
  <String id="3900">{21}\nName: {0}\nKanal: {2}\nStartzeit: {3}\nEndzeit: {4}\nTyp: {15}\nBeschreibung: {1}\n\nGenre: {9}\nKlassifikation: {10}\nAltersbeschränkung: {12}\nSterne: {14}\nEpisoden Teil: {8}\nEpisoden Name: {5}\nEpisoden Nummer: {6}\nGesucht von: {18} am {17}\n\n</String>
  <!--Found Format for 4:3 skins Email Mode-->
  <String id="3902">{21}     Name: {0}     Kanal: {2}     Startzeit: {3}     Endzeit: {4}     Typ: {15}\nBeschreibung: {1}\nGenre: {9}     Klassifikation: {10}     Altersbeschränkung: {12}     Sterne: {14}     Episoden Teil: {8}     Episoden Name: {5}     Episoden Nummer: {6}     Gesucht von: {18} am {17}\n\n</String>
  <!--Found Format for 16:9 skins View Only Mode-->
  <String id="3901">{21}\nName: {0}\nKanal: {2}\nStartzeit: {3}\nEndzeit: {4}\nTyp: {15}\nBeschreibung: {1}\n\nGenre: {9}\nKlassifikation: {10}\nAltersbeschränkung: {12}\nSterne: {14}\nEpisoden Teil: {8}\nEpisoden Name: {5}\nEpisoden Nummer: {6}\nGesucht von: {18} am {17}\n\n</String>
  <!--Found Format for 4:3 skins View Only Mode-->
  <String id="3903">{21}     Name: {0}     Kanal: {2}     Startzeit: {3}     Endzeit: {4}     Typ: {15}\nBeschreibung: {1}\nGenre: {9}     Klassifikation: {10}     Altersbeschränkung: {12}     Sterne: {14}     Episoden Teil: {8}     Episoden Name: {5}     Episoden Nummer: {6}     Gesucht von: {18} am {17}\n\n</String>
  <!--List Item Format Email Mode - use "||" to change alignment between left and right border-->
  <String id="3904">{0} || {3}</String>
  <!--List Item Format ViewOnly Mode-->
  <String id="3905">{0} || {3}</String>
  <!--************************************************************-->
  <!--General-->
  <!--************************************************************-->
  <!--Bool-->
  <String id="4000">Wahr</String>
  <String id="4001">Falsch</String>
  <!--Default Data TvWish-->
  <String id="4100">Irgendein(e)</String>
  <String id="4101">Immer</String>
  <String id="4102">Selbstdefiniert</String>
  <String id="4103">Kein</String>
  <String id="4104">Alle Kanäle</String>
  <String id="4105">Alle</String>
  <!--Mode Header-->
  <String id="4200">Email Und Aufnahme Modus</String>
  <String id="4201">Anschau Modus</String>
  <!--Errors-->
  <String id="4300">Überprüfe die MediaPortal Log Datei</String>
  <String id="4301">Keine Einträge gefunden</String>
  <String id="4302">Fehler bei der Listenerstellung</String>
  <String id="4303">Keine Zahl</String>
  <String id="4304">Ungültiges Format</String>
  <String id="4305">Error</String>
  <String id="4306">TvWishList MediaPortal Plugin Passt Nicht \nZum TvWishList TV Server Plugin</String>
  <String id="4307">Ordner Name musste in \nEpisoden Management umgestellt werden</String>
  <String id="4308">Aufnahme Typ wurde nach Alle geändert</String>
  <String id="4309">Behalte Episoden musste \nin Alle geändert werden</String>
  <String id="4310">Verschieben von Aufnahmen \nerfordert den Email Modus</String>
  <String id="4311">Die Tv Wunschliste wird von einem \nanderen Process bearbeitet\nVersuchen Sie es später noch einmal\nFalls das Problem nicht gelöst wird, \nbooten Sie das System oder \nstoppen Sie den Tv Server manuell</String>
  <String id="4312">Zeitüberschreitungsfehler: Versuche einen Tv  Server Neustart. Falls dies nicht hilft, vergrößere den Zeitüberschreitungswert in den Experten Einstellungen.</String>
  <!--Others-->
  <String id="4400">Info</String>
  <String id="4401">Warnung</String>
  <String id="4402">Ja</String>
  <String id="4403">Nein</String>
  <String id="4404">Alle Tv Wünsche</String>
  <String id="4405">Tv Wunsch: {0}</String>
  <!--++++++++++++++-->
  <!--Formats   View-->
  <!--++++++++++++++-->
  <!--Date Time Format for all modules
        //   {0:0000} year
        //   {1:00}   month
        //   {2:00}   day
        //   {3:00}   hour
        //   {4:00}   minute
        //   {5:00}   second
        //   {6}      timeofday
        //   {7}      date-->
  <String id="4900">{2:00}.{1:00} um {3:00}:{4:00}</String>
  <!--************************************************************-->
  <!--Config Main MP2-->
  <!--************************************************************-->
  <!-- MP2STR:ConfigMain_GUI -->
  <String id="5000">Haupt Konfiguration</String>
  <!-- MP2STR:ConfigMain_GUI_Help -->
  <String id="5001">Konfiguriere die generellen Einstellungen</String>
  <!-- MP2STR:ConfigTvserver -->
  <String id="5050">Vor der Nutzung des Mediaportal Plugins müssen die Tv Server TvWishList Plugin Einstellungen konfiguriert und getestet sein.</String>
  <String id="5051">Vor der Nutzung des Mediaportal Plugins müssen die Tv Server TvWishList Plugin Einstellungen </String>
  <String id="5052">konfiguriert und getestet sein.</String>
  <!-- MP2STR:CancelButtonText -->
  <String id="5100">Abbruch</String>
  <!-- MP2STR:SaveButtonText -->
  <String id="5101">Speichern</String>
  <!-- MP2STR:HelpButtonText -->
  <String id="5102">Hilfe</String>
  <!-- MP2STR:Verbose -->
  <String id="5200">Debug Modus</String>
  <!-- MP2STR:DisableQuickMenu -->
  <String id="5201">Deaktiviere das Tv Wunsch Schnellmenü</String>
  <!-- MP2STR:TimeOut -->
  <String id="5202">Zeitüberschreitung</String>
  <!-- MP2STR:TimeOutDescription -->
  <String id="5203">Ändere den Zeitüberschreitungswert (60s) nur wenn Probleme während der EPG Suche auftreten.</String>
  <!-- MP2STR:SaveToTvServer -->
  <String id="5204">Speichert die Client Konfiguration auf dem Tv Server</String>
  <!-- MP2STR:LoadFromTvServer -->
  <String id="5205">Ladet die Client Konfiguration vom Tv Server</String>
  <!-- MP2STR:DisableInfoWindows -->
  <String id="5206">Deaktivere Info Fenster</String>
  <!-- MP2STR:Load -->
  <String id="5207">Lade</String>
  <!-- MP2STR:SaveLoad -->
  <String id="5208">Speichere/Lade/ Client Einstellungen auf/von dem Tv Server</String>
  <!-- MP2STR:SaveQuestion -->
  <String id="5209">Willst Du die Client Einstellungen auf dem Tv Server speichern und die vorherigen TV Server Einstellungen überschreiben?</String>
  <!-- MP2STR:LoadQuestion -->
  <String id="5210">Willst Du die Client Einstellungen vom Tv Server laden und die vorherigen Client Einstellungen überschreiben?</String>
  <!-- MP2STR:SaveToTV -->
  <String id="5211">Speichere Auf Server</String>
  <!-- MP2STR:LoadFromTV -->
  <String id="5212">Lade Vom Server</String>
  <!-- MP2STR:LoadComplete -->
  <String id="5213">Client Einstellungen wurden vom Tv Server geladen</String>
  <!-- MP2STR:LoadError -->
  <String id="5214">Client Einstellungen konnten nicht vom Tv Server geladen werden</String>
  <!-- MP2STR:SaveComplete -->
  <String id="5215">Client Einstellungen wurden auf dem Tv Server gespeichert</String>
  <!-- MP2STR:SaveError -->
  <String id="5216">Client Einstellungen konnten nicht auf dem Tv Server gespeichert werden</String>
  <!--************************************************************-->
  <!--Config Filter MP2-->
  <!--************************************************************-->
  <!-- MP2STR:ConfigFilter_GUI -->
  <String id="6000">Filter Konfiguration</String>
  <!-- MP2STR:ConfigFilter_GUI_Help -->
  <String id="6001">Konfiguriere die Filtereinstellungen. Alle selektierten Elemente werden zur Bearbeitung eines Tv Wunsches verwendet. Nicht selektierte Elemente werden durch Default Einstellungen ersetzt.</String>
  <!-- MP2STR:SelectItemLabel -->
  <String id="6100">Selektiere die Filter Elemente, die geändert werden sollen.</String>
  <!-- MP2STR:UnSelectItemLabel -->
  <String id="6101">Nicht selektierte Elemente können nicht für einen Tv Wunsch bearbeitet werden und verwenden die eingestellten Default Werte</String>
  <!-- MP2STR:AllButtonText -->
  <String id="6200">Alle</String>
  <!-- MP2STR:NoneButtonText -->
  <String id="6201">Keine</String>
  <!-- MP2STR:DefaultsButtonText -->
  <String id="6202">Default</String>
  <!-- MP2STR:DefaultsQuestion -->
  <String id="6203">Ein Zurücksetzen der Einstellungen überschreibt alle Werte inklusive der Tv Wunsch Defaults - Willst Du Weitermachen?</String>
  <!--************************************************************-->
  <!--Config Defaults MP2-->
  <!--************************************************************-->
  <!-- MP2STR:ConfigDefaults_GUI -->
  <String id="7000">Default Konfiguration</String>
  <!-- MP2STR:ConfigDefaults_GUI_Help -->
  <String id="7001">Konfiguriere die Default Einstellungen. Diese Grundeinstellungen werden für jeden neuen Tv Wunsch verwendet.</String>
  <String id="7002">Default Test</String>
  <!--************************************************************-->
  <!--Config Formats MP2-->
  <!--************************************************************-->
  <!-- MP2STR:ConfigFormats_GUI -->
  <String id="8000">Format Konfiguration</String>
  <!-- MP2STR:ConfigFormats_GUI_Help -->
  <String id="8001">Konfiguriere die Formate Einstellungen. Leere Zeilen verwenden die Einstellungen aus den Sprachdateien.</String>
  <!-- MP2STR:DateAndTimeFormat -->
  <String id="8100">Datum und Zeit Formatierung</String>
  <!-- MP2STR:MainItemFormat -->
  <String id="8101">Haupt Menü Elemente Format</String>
  <!-- MP2STR:ResultItemFormat -->
  <String id="8102">Ergebnis Menü Elemente Format</String>
  <!-- MP2STR:MainTextBoxFormat -->
  <String id="8103">Haupt Menü Tv Wunsch Format</String>
  <!-- MP2STR:ResultTextBoxFormat -->
  <String id="8104">Ergebnis Menü Tv Wunsch Format</String>
  <!-- MP2STR:GroupboxGeneral -->
  <String id="8105">Generelle Formate</String>
  <!-- MP2STR:GroupboxListItemFormats -->
  <String id="8106">Listen Formate</String>
  <!-- MP2STR:GroupboxEmailAndRecordModus -->
  <String id="8107">Email und Aufnahme Modus</String>
  <!-- MP2STR:GroupboxViewOnlyModus -->
  <String id="8108">Anschau Modus</String>
  <!-- MP2STR:FormatExpertLabel -->
  <String id="8109">Formate sollten nur von Experten geändert werden. Leere Eingabezeilen verwenden die Formate aus den Sprachdateien.</String>
  <String id="8110">Formate sollten nur von Experten geändert werden.</String>
  <String id="8111">Leere Eingabezeilen verwenden die Formate aus den Sprachdateien.</String>
  <!--************************************************************-->
  <!--TV Server Run EPG Messages-->
  <!--************************************************************-->
  <!--TVSERVER USE FROM=10000 TO=10300 OFFSET_FROM=0 OFFSET_TO=300-->
  <String id="10001">Warte {0}s um vorherige Aufträge zu beenden</String>
  <String id="10002">Fehler: Tv Wunschliste konnte alte Aufträge nicht beenden - starte Deinen Tv server neu (Reboot)</String>
  <String id="10003">Lese Datei Einstellungen</String>
  <String id="10004">Lade Nachrichten</String>
  <String id="10005">Lade Tv Wünsche</String>
  <String id="10006">Suche nach {0}</String>
  <String id="10007">Sende Email zu {0}</String>
  <String id="10008">Fehler: Kein Smtp Server definiert</String>
  <String id="10009">Fehler: Kein User Name definiert</String>
  <String id="10010">Fehler: Kein Passwort definiert</String>
  <String id="10011">Fehler: Keine Empfänger Email Adresse definiert</String>
  <String id="10012">Fehler: Ungültige Provider Einstellungen</String>
  <String id="10013">Fehler: Server Adresse nicht spezifiziert</String>
  <String id="10014">Fehler: Keine Internetverbindung zum POP3 Server</String>
  <String id="10015">Fehler: Kein smtp Port definiert</String>
  <String id="10016">Emails wurden versendet</String>
  <String id="10017">Fehler: Emails konnten nicht versendet werden - überprüfe den User Namen</String>
  <String id="10018">Fehler: Emails konnten nicht versendet werden - überprüfe das Passwort</String>
  <String id="10019">Fehler: Emails konnten nicht versendet werden</String>
  <String id="10020">Bereit</String>
  <String id="10021">Bearbeite EPG Daten {0} auf {1} am {2}</String>
  <String id="10022">Bearbeite gespeicherte Aufnahme {0} auf {1}</String>
  <String id="10023">Fehler: Passwörter stimmen nicht überein - Bitte nochmals eingeben</String>
  <String id="10024">Fataler Fehler: Bitte im Log file nachschauen</String>
  <String id="10025">Fehler in der SQL Suche - bitte den SQL Ausdruck {0} überprüfen</String>
  <!--************************************************************-->
  <!--TV Server Message  Creation-->
  <!--************************************************************-->
  <String id="10050">Aufnahme {0} hat keine gültigen EPG Daten, konnte aber korrigieret werden</String>
  <String id="10051">Aufnahme {0} hat keine gültigen EPG Daten, - überprüfe Deine Aufnahmen auf Konflikte</String>
  <String id="10052">Aufnahme {0} hat keine gültigen EPG Daten, - überprüfe Deine Aufnahmen auf Konflikte</String>
  <String id="10053">Epg Daten änderten sich für die Episode/Beschreibung oder die EPG Zeiten - die aktuelle Aufnahme wird gelöscht und einen neue Aufnahme wird gesucht</String>
  <String id="10054">Ein Aufnahme Konflikt muss manuell gelöst werden</String>
  <String id="10055">Ausschluss des Programms {0} aufgrund des Ausschluss Filters {1}</String>
  <String id="10056">Ausschluss des Programms {0} aufgrund der Wort Überprüfung</String>
  <String id="10057">Ausschluss des Programms {0} aufgrund der Wort Überprüfung</String>
  <String id="10058">Maximale Anzahl ({0}) von Programmen überschritten - zusätzliche Treffer werden ignoriert</String>
  <String id="10059">{0} mit {1} GB</String>
  <String id="10060">Programm {0} konnte nicht hinzugefügt werden</String>
  <String id="10061">Programm {0} konnte nicht erstellt werden</String>
  <String id="10062">Programm {0} ist bereits als Aufnahme geplant</String>
  <String id="10063">Überspring Programm {0}, da es nicht zwischen {1} und {2} liegt</String>
  <String id="10064">Überspring Programm {0}, da es nicht zwischen {1} und {2} liegt</String>
  <String id="10065">Überspring Programm {0}, da es nicht innerhalb der nächsten {1} Stunden liegt</String>
  <String id="10066">Überspring Programm {0}, da es nicht den Kanal Filter {1} erfüllt</String>
  <String id="10067">Überspring Programm {0}, da es nicht den Episoden Teil {1} erfüllt</String>
  <String id="10068">Überspring Programm {0}, da es nicht den Episoden Namen {1} erfüllt</String>
  <String id="10069">Überspring Programm {0}, da es nicht die Serien Nummer {1} erfüllt</String>
  <String id="10070">Überspring Programm {0}, da es nicht die Episoden Nummer {1} erfüllt</String>
  <String id="10071">Programm {0} wurde bereits aufgenommen</String>
  <String id="10072">Programm {0} wurde bereits gelöscht und wird übersprungen</String>
  <String id="10073">Die Anfangszeit des Programms {0} liegt in der Vergangenheit - Aufnahme wird übersprungen</String>
  <String id="10074">Wiederholte Aufnahme {0} gefunden  - Aufnahme wird übersprungen</String>
  <String id="10075">Programm {0} hat Konflikte und wird nicht aufgenommen</String>
  <String id="10076">Aufnahme {0} wird aufgrung geringerer Priorität gelöscht</String>
  <String id="10077">Aufnahme {0} hat nicht die höchste Priorität um Konfliktprogramme zu löschen - Aufnahme wird übersprungen</String>
  <String id="10078">Eine Aufnahme wurde in der bevorzugten Gruppe gefunden</String>
  <String id="10079">Tv Wunschliste hat ein Programm vom Wunsch [{0}] gefunden: {1}\nTv Wunschliste hat eine neue Aufnahmenplanung hinzugefügt</String>
  <String id="10080">Tv Wunschliste hat ein Programm vom Wunsch [{0}] gefunden: {1}\nTv Wunschliste erinnert Dich, nimmt aber nicht auf.</String>
  <!--Email Format Default - will be sent with each email for a found program (use format entries from message format at 3900)-->
  <String id="10090">Neuer Eintrag:\nTitel={0}\nBeschreibung={1}\nKanal={2}\nStart={3}\nEnde={4}\nTyp={15}\nErstellt={17}\n\n\n</String>
  <String id="10091">{2:00}.{1:00} um {3:00}:{4:00}</String>
  <!--************************************************************-->
  <!--TV Server Configuration-->
  <!--************************************************************-->
  <String id="10100">Haupt</String>
  <String id="10101">Einfach</String>
  <String id="10102">Experte</String>
  <String id="10103">Aufwärts</String>
  <String id="10104">Abwärts</String>
  <String id="10105">Löschen</String>
  <String id="10106">Stornieren</String>
  <String id="10107">Default</String>
  <String id="10108">Hilfe</String>
  <String id="10109">Debugmodus</String>
  <String id="10110">Tv Wunschliste Homepage</String>
  <String id="10111">Alle Aktiv</String>
  <String id="10112">Alle Inaktiv</String>
  <String id="10113">Überlese Alle</String>
  <String id="10114">Überlese Keine</String>
  <String id="10115">Kanal Filter</String>
  <String id="10130">Email</String>
  <String id="10131">Konto</String>
  <String id="10132">Benutzer Name</String>
  <String id="10133">Passwort</String>
  <String id="10134">Wiederhole Passwort</String>
  <String id="10135">Email Adresse</String>
  <String id="10136">nur bei Unterschieden zum User</String>
  <String id="10137">Suche jetzt</String>
  <String id="10138">Adresse</String>
  <String id="10139">Email Empfänger</String>
  <String id="10140">Sender Test</String>
  <String id="10141">SMTP</String>
  <String id="10142">Provider</String>
  <String id="10143">Port</String>
  <String id="10144">SMTP Server</String>
  <String id="10145">SSL</String>
  <String id="10146">Aktiviere Email Antwort</String>
  <String id="10147">Nur Neue Emails</String>
  <String id="10160">Einst.</String>
  <String id="10161">Starte EPG Suche</String>
  <String id="10162">Montag</String>
  <String id="10163">Dienstag</String>
  <String id="10164">Mittwoch</String>
  <String id="10165">Donnerstag</String>
  <String id="10166">Freitag</String>
  <String id="10167">Samstag</String>
  <String id="10168">Sonntag</String>
  <String id="10169">Alle</String>
  <String id="10170">Tage</String>
  <String id="10171">Stunden</String>
  <String id="10172">Minuten</String>
  <String id="10173">Um</String>
  <String id="10174">Starte EPG</String>
  <String id="10175">Suche vor jeder Aufnahme</String>
  <String id="10176">Nächste Tv Server Epg Suche:</String>
  <String id="10177">Treffer Kriterium für wiederholte Filme und Episoden</String>
  <String id="10178">EPG Wiederholungserkennung</String>
  <String id="10179">Andere Optionen</String>
  <String id="10180">Automatische Aufnahmen</String>
  <String id="10181">Aufnahme Konflikte</String>
  <String id="10182">Lösche geänderte EPG Einträge</String>
  <String id="10183">Standardeinstellungen wiederherst.</String>
  <String id="10184">Langsame CPU</String>
  <String id="10185">Überspringe gelöschte Einträge</String>
  <String id="10186">Ablaufdatum für gelöschte Einträge:</String>
  <String id="10187">Monate</String>
  <String id="10188">Max Aufnahmen pro Wunsch</String>
  <!--Date Time Format with 10189-10191 combined-->
  <String id="10189">dd.MM.yyyy</String>
  <String id="10190">HH:mm</String>
  <String id="10191">{0} um {1}</String>
  <String id="10192">Warte auf ComSkip Prozesse</String>
  <String id="10193">EPG</String>
  <String id="10200">Formate</String>
  <String id="10201">Datum und Zeit Format für Emails</String>
  <String id="10202">Email Format</String>
  <String id="10203">Sprachdatei</String>
  <String id="10204">Sortier Kriterium</String>
  <String id="10205">Experten können die Formate für versandte Emails ändern</String>
  <String id="10206">Abfallende Sortierung</String>
  <String id="10207">Filter Kriterium</String>
  <String id="10208">Email</String>
  <String id="10209">Aufgenommene</String>
  <String id="10210">Konflikte</String>
  <String id="10211">Lösche Alle Nachrichten</String>
  <String id="10250">Warte um vorherige Aufträge von {0} zu beenden. Versuche es später noch einmal. Falls dies nicht hilft, muss der Tv Server neu gestartet werden (Manuell oder Reboot)</String>
  <String id="10251">Tv Configuration wird beendet</String>
  <String id="10252">Prozess läuft noch - bitte warten</String>
  <String id="10253">Erfolg</String>
  <String id="10254">Emails konnten nicht gesendet werden</String>
  <String id="10255">Minimum von {0} ist {1}</String>
  <String id="10256">Maximum von {0} ist {1}</String>
  <String id="10257">{0} konnte nicht geöffnet werden</String>
  <String id="10258">Willst Du alle Nachrichten löschen? WARNUNG: Alle Deine Nachrichten einschliesslich der Nachrichten über gelöschte Dateien werden vernichtet!\"</String>
  <String id="10259">Alle Nachrichten wurden gelöscht</String>
  <String id="10260">Die Operation wurde abgebrochen</String>
  <String id="10261">Willst Du die empfohlenen Default Einstellungen wiederherstellen? Deine persönlichen Einstellungen werden überschrieben</String>
  <String id="10262">Überprüfe Deine Benutzerkennung und Dein Passwort\n Der Server Error war:\n{0}</String>
  </Section>
</Language>
