<?xml version="1.0" encoding="utf-8" standalone="yes"?>
<window>
    <id>70943677</id>
    <defaultcontrol>50</defaultcontrol>
    <define>#header.hover:TvWishList.Icon.png</define>
    <controls>
        <control>
            <id>1</id>
            <description>BG</description>
            <type>image</type>
            <posX>0</posX>
            <posY>0</posY>
            <width>1280</width>
            <height>720</height>
            <texture>Background.png</texture>
        </control>
        <import>common.window.xml</import>
        <import>common.time.xml</import>
        <control>
            <id>2</id>
            <description>Back</description>
            <type>button</type>
            <onright>50</onright>
            <ondown>3</ondown>
            <posX>32</posX>
            <posY>120</posY>
            <hyperlink>70943675</hyperlink>
        </control>
        <control>
            <id>3</id>
            <description>Previous</description>
            <type>button</type>
            <onright>50</onright>
            <onup>2</onup>
            <ondown>4</ondown>
            <posX>32</posX>
            <posY>160</posY>
        </control>
        <control>
            <id>4</id>
            <description>Next</description>
            <type>button</type>
            <onright>50</onright>
            <onup>3</onup>
            <ondown>5</ondown>
            <posX>32</posX>
            <posY>197</posY>
        </control>
        <control>
            <id>5</id>
            <description>New</description>
            <type>button</type>
            <onright>50</onright>
            <onup>4</onup>
            <ondown>6</ondown>
            <posX>32</posX>
            <posY>237</posY>
        </control>
        <control>
            <id>6</id>
            <description>Delete</description>
            <type>button</type>
            <onright>50</onright>
            <onup>5</onup>
            <ondown>7</ondown>
            <posX>32</posX>
            <posY>277</posY>
        </control>
        <control>
            <id>7</id>
            <description>Save</description>
            <type>button</type>
            <onright>50</onright>
            <onup>6</onup>
            <ondown>8</ondown>
            <posX>32</posX>
            <posY>317</posY>
        </control>
        <control>
            <id>8</id>
            <description>Cancel</description>
            <type>button</type>
            <onright>50</onright>
            <onup>7</onup>
            <ondown>9</ondown>
            <posX>32</posX>
            <posY>357</posY>
        </control>
        <control>
            <id>9</id>
            <description>More</description>
            <type>button</type>
            <onright>50</onright>
            <onup>8</onup>
            <ondown>10</ondown>
            <posX>32</posX>
            <posY>397</posY>
        </control>
        <control>
            <id>50</id>
            <description>listcontrol</description>
            <type>listcontrol</type>
            <posX>218</posX>
            <posY>120</posY>
            <width>467</width>
            <height>358</height>
            <scrollOffset>2</scrollOffset>
            <spinPosX>1180</spinPosX>
            <scrollOffset>2</scrollOffset>
	    <onleft>2</onleft>
        </control>
        <control>
            <id>61</id>
            <type>fadelabel</type>
            <posX>215</posX>
            <posY>525</posY>
            <width>471</width>
            <label>#status.label</label>
        </control>
        <control>
            <id>21</id>
            <description>Header</description>
            <type>label</type>
            <posX>217</posX>
            <posY>78</posY>
            <font>font16</font>
            <label>#header.label</label>
        </control>
        <control>
            <id>20</id>
            <description>TvWishListIcon</description>
            <type>image</type>
            <visible>yes</visible>
            <posX>57</posX>
            <posY>451</posY>
            <width>90</width>
            <height>90</height>
            <texture>TvWishList.Icon.png</texture>
        </control>
    </controls>
</window>
