<?xml version="1.0" encoding="utf-8"?>
<!-- TvWishListMP2 workflow state actions -->
<Workflow DescriptorVersion="1.0">
  <MenuActions>

    <PushNavigationTransition Id="55b7087f-58c4-419a-bdc7-119753aa8bfc"
        Name="Home->Main"
        DisplayCategory="z-TvWishListMP2"
        SortOrder="a"
        SourceStates="7F702D9C-F2DD-42da-9ED8-0BA92F07787F"
        TargetState="eb91dc39-9735-48f6-9f31-39558ce2e861"
        DisplayTitle="[TvWishListMP2.100]"/>
    
    
    
    
    <PushNavigationTransition Id="1333aff2-3c4b-4b5a-876a-4867cf4221bd"                                 
        Name="Main->Edit"
        DisplayCategory="z-TvWishListMP2"
        SortOrder="a"             
        SourceStates="eb91dc39-9735-48f6-9f31-39558ce2e861"
        TargetState="100e9845-54de-4e9b-9cf1-6101509b7c6d"
        DisplayTitle="[TvWishListMP2.1110]"/>

    <PushNavigationTransition Id="028bf354-5f7a-4697-b19a-d789215cbcbc"                                 
        Name="Main->Result"
        DisplayCategory="z-TvWishListMP2"
        SortOrder="a"
        SourceStates="eb91dc39-9735-48f6-9f31-39558ce2e861"
        TargetState="eff5097b-a4a7-4934-a2e3-d8047d92cec7"
        DisplayTitle="[TvWishListMP2.1108]"/>

    <PushNavigationTransition Id="f497d047-f3dd-4887-8d6e-a423eab50719"
        Name="Edit->Result"
        DisplayCategory="z-TvWishListMP2"
        SortOrder="a"
        SourceStates="100e9845-54de-4e9b-9cf1-6101509b7c6d"
        TargetState= "eff5097b-a4a7-4934-a2e3-d8047d92cec7"
        DisplayTitle="[TvWishListMP2.1108]"/>
    <!-- Sorce and Target state come from TvWishListMP2 plugin.xml WorkflowStates  -->

    
    
    
    <MethodCallAction Id="56a93f7f-773f-470b-8eba-d7a41ef68a53"                        
        Name="Main_ModusButton"
        DisplayCategory="b-Refresh"
        SortOrder="b"
        DisplayTitle="[TvWishListMP2.1109]"
        SourceStates="eb91dc39-9735-48f6-9f31-39558ce2e861"
        ModelId="46199691-8dc6-443d-9022-1315cee6152b"
        MethodName="OnButtonViewOnlyMode"/>

    <MethodCallAction Id="26792233-611a-4520-9a1f-2a92b7c31d68"
        Name="Main_RunEpgButton"
        DisplayCategory="b-Refresh"
        SortOrder="a"
        DisplayTitle="[TvWishListMP2.1102]"
        SourceStates="eb91dc39-9735-48f6-9f31-39558ce2e861"
        ModelId="46199691-8dc6-443d-9022-1315cee6152b"
        MethodName="OnButtonRun"/>
    
    <!--Change later toggle button with binding-->

    <MethodCallAction Id="3dae8d41-492e-4e98-8a70-9670cd00314a"
        Name="Main_NewButton"
        DisplayCategory="b-Refresh"
        SortOrder="c"
        DisplayTitle="[TvWishListMP2.1104]"
        SourceStates="eb91dc39-9735-48f6-9f31-39558ce2e861"
        ModelId="46199691-8dc6-443d-9022-1315cee6152b"
        MethodName="OnButtonNew"/>

    <MethodCallAction Id="d20e90f2-395a-4c11-9b13-0eeb36c06a8c"
        Name="Main_SaveButton"
        DisplayCategory="b-Refresh"
        SortOrder="d"
        DisplayTitle="[TvWishListMP2.1105]"
        SourceStates="eb91dc39-9735-48f6-9f31-39558ce2e861"
        ModelId="46199691-8dc6-443d-9022-1315cee6152b"
        MethodName="OnButtonSave"/>

    <MethodCallAction Id="be4ccda0-a180-4379-8cb7-7e43f3654932"
        Name="Main_CancelButton"
        DisplayCategory="b-Refresh"
        SortOrder="e"
        DisplayTitle="[TvWishListMP2.1106]"
        SourceStates="eb91dc39-9735-48f6-9f31-39558ce2e861"
        ModelId="46199691-8dc6-443d-9022-1315cee6152b"
        MethodName="OnButtonCancel"/>
    
    <MethodCallAction Id="5ed55a61-00a2-475a-834b-63176437ca0c"
        Name="Main_MoreButton"
        DisplayCategory="b-Refresh"
        SortOrder="f"
        DisplayTitle="[TvWishListMP2.1107]"
        SourceStates="eb91dc39-9735-48f6-9f31-39558ce2e861"
        ModelId="46199691-8dc6-443d-9022-1315cee6152b"
        MethodName="OnButtonMore"/>

    
    
    <MethodCallAction Id="f1786aa9-12f5-42d2-988b-a17a5b8dbe4c"
        Name="Edit_PreviousButton"
        DisplayCategory="b-Refresh"
        SortOrder="a"
        DisplayTitle="[TvWishListMP2.2101]"
        SourceStates="100e9845-54de-4e9b-9cf1-6101509b7c6d"
        ModelId="093c13ed-413e-4fc2-8db0-3eca69c09ad0"
        MethodName="OnButtonPrevious"/>
                    
    <MethodCallAction Id="de0c10f6-8908-47fa-b454-1a9b2358f3f6"
        Name="Edit_NextButton"
        DisplayCategory="b-Refresh"
        SortOrder="b"
        DisplayTitle="[TvWishListMP2.2102]"
        SourceStates="100e9845-54de-4e9b-9cf1-6101509b7c6d"
        ModelId="093c13ed-413e-4fc2-8db0-3eca69c09ad0"
        MethodName="OnButtonNext"/>

    <MethodCallAction Id="0d6bb26f-a1fd-4982-bc06-b8a15f11765a"
        Name="Edit_NewButton"
        DisplayCategory="b-Refresh"
        SortOrder="c"
        DisplayTitle="[TvWishListMP2.2103]"
        SourceStates="100e9845-54de-4e9b-9cf1-6101509b7c6d"
        ModelId="093c13ed-413e-4fc2-8db0-3eca69c09ad0"
        MethodName="OnButtonNew"/>

    <MethodCallAction Id="45d73e2f-b257-4e67-945d-ec9ca0f8aa0d"
        Name="Edit_DeleteButton"
        DisplayCategory="b-Refresh"
        SortOrder="d"
        DisplayTitle="[TvWishListMP2.2104]"
        SourceStates="100e9845-54de-4e9b-9cf1-6101509b7c6d"
        ModelId="093c13ed-413e-4fc2-8db0-3eca69c09ad0"
        MethodName="OnButtonDelete"/>

    <MethodCallAction Id="efab7d94-e933-4472-96c9-0d52609f12bc"
        Name="Edit_SaveButton"
        DisplayCategory="b-Refresh"
        SortOrder="e"
        DisplayTitle="[TvWishListMP2.2105]"
        SourceStates="100e9845-54de-4e9b-9cf1-6101509b7c6d"
        ModelId="093c13ed-413e-4fc2-8db0-3eca69c09ad0"
        MethodName="OnButtonSave"/>
   
    <MethodCallAction Id="b079d254-a4be-4d43-8310-6bf3c34be6e4"
        Name="Edit_CancelAllButton"
        DisplayCategory="b-Refresh"
        SortOrder="f"
        DisplayTitle="[TvWishListMP2.2106]"
        SourceStates="100e9845-54de-4e9b-9cf1-6101509b7c6d"
        ModelId="093c13ed-413e-4fc2-8db0-3eca69c09ad0"
        MethodName="OnButtonCan"/>

    <MethodCallAction Id="13a6717c-3a12-4b20-87df-8877903ae601"
        Name="Edit_MoreButton"
        DisplayCategory="b-Refresh"
        SortOrder="g"
        DisplayTitle="[TvWishListMP2.2107]"
        SourceStates="100e9845-54de-4e9b-9cf1-6101509b7c6d"
        ModelId="093c13ed-413e-4fc2-8db0-3eca69c09ad0"
        MethodName="OnButtonMore"/>

    
    
    <MethodCallAction Id="4dd8b286-3702-4cf8-b7d7-e02bf01383b7"
        Name="Result_SortCriteriaButton"
        DisplayCategory="b-Refresh"
        SortOrder="a"
        DisplayTitle="[TvWishListMP2.3102]"
        SourceStates="eff5097b-a4a7-4934-a2e3-d8047d92cec7"
        ModelId="6e96da05-1c6a-4fed-8fed-b14ad114c4a2"
        MethodName="SortCriteria"/>

    <MethodCallAction Id="0fc7a1b7-eaee-45cc-bd15-276da7534f99"
        Name="Result_SortOrderButton"
        DisplayCategory="b-Refresh"
        SortOrder="b"
        DisplayTitle="[TvWishListMP2.3104]"
        SourceStates="eff5097b-a4a7-4934-a2e3-d8047d92cec7"
        ModelId="6e96da05-1c6a-4fed-8fed-b14ad114c4a2"
        MethodName="SortOrder"/>

    <MethodCallAction Id="8cec3853-8cf5-4b67-bb30-3f4246b48c37"
        Name="Result_FilterButton"
        DisplayCategory="b-Refresh"
        SortOrder="c"
        DisplayTitle="[TvWishListMP2.3103]"
        SourceStates="eff5097b-a4a7-4934-a2e3-d8047d92cec7"
        ModelId="6e96da05-1c6a-4fed-8fed-b14ad114c4a2"
        MethodName="Filter"/>
    <!-- Sorce state comes from TvWishListMP2 WorkflowState-->
    
    
        
  </MenuActions>
</Workflow>
