<?xml version="1.0" encoding="utf-8" standalone="yes"?>
<window>
    <id>70943676</id>
    <defaultcontrol>50</defaultcontrol>
    <controls>
        <control>
            <id>1</id>
            <description>BG</description>
            <type>image</type>
            <width>1280</width>
            <height>720</height>
            <texture>Background.png</texture>
        </control>
        <import>common.window.xml</import>
        <import>common.time.xml</import>
        <control>
            <description>action menu</description>
            <type>actiongroup</type>
            <dimColor>00ffffff</dimColor>
            <width>319</width>
            <height>506</height>
            <buttonX>0</buttonX>
            <buttonY>0</buttonY>
            <buttonwidth>106</buttonwidth>
            <buttonheight>720</buttonheight>
            <onexit>50</onexit>
            <defaultcontrol>2</defaultcontrol>
            <textureFocus>-</textureFocus>
            <textureNoFocus>Action_nofocus.png</textureNoFocus>
            <control>
                <type>image</type>
                <visible>!Control.HasFocus(50)</visible>
                <posX>12</posX>
                <posY>157</posY>
                <width>319</width>
                <height>506</height>
                <texture>Backslide.png</texture>
                <animation effect="Slide" reversible="FALSE" start="-300,0" time="70">Visible</animation>
                <animation effect="Slide" end="-300,0" reversible="FALSE" time="70">Hidden</animation>
                <colorDiffuse>fffffffff</colorDiffuse>
            </control>
            <control>
                <description>group element</description>
                <type>group</type>
                <visible>!Control.HasFocus(50)</visible>
                <animation effect="Slide" reversible="FALSE" start="-300,0" time="70">Visible</animation>
                <animation effect="Slide" end="-300,0" reversible="FALSE" time="70">Hidden</animation>
                <control>
                    <description>group element</description>
                    <type>group</type>
                    <visible>!Control.HasFocus(50)</visible>
                    <posX>35</posX>
                    <posY>191</posY>
                    <layout>StackLayout</layout>
                    <animation effect="Slide" reversible="FALSE" start="-300,0" time="70">Visible</animation>
                    <animation effect="Slide" end="-300,0" reversible="FALSE" time="70">Hidden</animation>
                    <control>
                        <id>2</id>
                        <description>TvWish</description>
                        <type>button</type>
                        <onright>50</onright>
						<onleft>50</onleft>
                        <ondown>3</ondown>
                        <hyperlink>70943675</hyperlink>
                    </control>
                    <control>
                        <id>3</id>
                        <description>Update</description>
                        <type>button</type>
                        <onright>50</onright>
						<onleft>50</onleft>
                        <onup>2</onup>
                        <ondown>4</ondown>
                    </control>
                    <control>
                        <id>4</id>
                        <description>Sort</description>
                        <type>sortbutton</type>
                        <onright>50</onright>
						<onleft>50</onleft>
                        <onup>3</onup>
                        <ondown>5</ondown>
                    </control>
                    <control>
                        <id>5</id>
                        <description>Filter</description>
                        <type>button</type>
                        <onright>50</onright>
						<onleft>50</onleft>
                        <onup>4</onup>
                        <ondown>6</ondown>
                    </control>
                    <control>
                        <id>6</id>
                        <description>TV</description>
                        <type>button</type>
                        <onright>50</onright>
						<onleft>50</onleft>
                        <onup>5</onup>
                        <ondown>7</ondown>
                        <hyperlink>1</hyperlink>
                        <label>100001</label>
                    </control>
                    <control>
                        <id>7</id>
                        <description>Recordings</description>
                        <type>button</type>
                        <onright>50</onright>
						<onleft>50</onleft>
                        <onup>6</onup>
                        <ondown>8</ondown>
                        <hyperlink>603</hyperlink>
                        <label>604</label>
                    </control>
                </control>
            </control>
        </control>
        <control>
            <description>group element</description>
            <type>group</type>
            <visible>!Control.HasFocus(50)</visible>
            <animation center="525,0" ease="EaseOut" effect="RotateY" end="0" reversible="FALSE" start="20" time="500" tween="Back">Hidden</animation>
            <animation center="525,0" ease="EaseOut" effect="RotateY" end="20" reversible="FALSE" start="0" time="500" tween="Back">Visible</animation>
            <control>
                <id>50</id>
                <description>listcontrol</description>
                <type>listcontrol</type>
                <posX>349</posX>
                <posY>157</posY>
                <width>515</width>
                <height>510</height>
                <scrollOffset>2</scrollOffset>
                <spinPosX>1180</spinPosX>
                <scrollOffset>2</scrollOffset>
                <onleft>2</onleft>
				<onright>2</onright>
            </control>
        </control>
        <control>
            <id>61</id>
            <type>fadelabel</type>
            <posX>344</posX>
            <posY>679</posY>
            <width>650</width>
            <label>#status.label</label>
        </control>
        <control>
            <id>70</id>
            <type>textboxscrollup</type>
            <posX>896</posX>
            <posY>158</posY>
            <width>352</width>
            <height>432</height>
            <label>#textbox.label</label>
        </control>
        <control>
            <id>21</id>
            <description>Header</description>
            <type>label</type>
            <posX>343</posX>
            <posY>109</posY>
            <font>font16</font>
            <label>#header.label</label>
        </control>
        <control>
            <id>20</id>
            <description>TvWishListIcon</description>
            <type>image</type>
            <visible>yes</visible>
            <posX>83</posX>
            <posY>486</posY>
            <width>156</width>
            <height>156</height>
            <texture>TvWishList.Icon.png</texture>
        </control>
    </controls>
</window>
