<?xml version="1.0" encoding="utf-8" standalone="yes"?>
<window>
    <id>70943677</id>
    <defaultcontrol>50</defaultcontrol>
    <controls> 
        <control>
            <id>1</id>
            <description>BG</description>
            <type>image</type>
            <posX>0</posX>
            <posY>0</posY>
            <width>1280</width>
            <height>720</height>
            <texture>Background.png</texture>
        </control>
        <import>common.window.xml</import>
        <import>common.time.xml</import>
        <control>
            <id>2</id>
            <description>Back</description>
            <type>button</type>
            <onright>50</onright>
			<onleft>50</onleft>
            <ondown>3</ondown>
            <posX>71</posX>
            <posY>105</posY>
            <hyperlink>70943675</hyperlink>
        </control>
        <control>
            <id>3</id>
            <description>Previous</description>
            <type>button</type>
            <onright>50</onright>
			<onleft>50</onleft>
            <onup>2</onup>
            <ondown>4</ondown>
            <posX>71</posX>
            <posY>149</posY>
        </control>
        <control>
            <id>4</id>
            <description>Next</description>
            <type>button</type>
            <onright>50</onright>
			<onleft>50</onleft>
            <onup>3</onup>
            <ondown>5</ondown>
            <posX>71</posX>
            <posY>193</posY>
        </control>
        <control>
            <id>5</id>
            <description>New</description>
            <type>button</type>
            <onright>50</onright>
			<onleft>50</onleft>
            <onup>4</onup>
            <ondown>6</ondown>
            <posX>71</posX>
            <posY>237</posY>
        </control>
        <control>
            <id>6</id>
            <description>Delete</description>
            <type>button</type>
            <onright>50</onright>
			<onleft>50</onleft>
            <onup>5</onup>
            <ondown>7</ondown>
            <posX>71</posX>
            <posY>281</posY>
        </control>
        <control>
            <id>7</id>
            <description>Save</description>
            <type>button</type>
            <onright>50</onright>
			<onleft>50</onleft>
            <onup>6</onup>
            <ondown>8</ondown>
            <posX>71</posX>
            <posY>325</posY>
        </control>
        <control>
            <id>8</id>
            <description>Cancel</description>
            <type>button</type>
            <onright>50</onright>
			<onleft>50</onleft>
            <onup>7</onup>
            <ondown>9</ondown>
            <posX>71</posX>
            <posY>369</posY>
        </control>
        <control>
            <id>9</id>
            <description>More</description>
            <type>button</type>
            <onright>50</onright>
			<onleft>50</onleft>
            <onup>8</onup>
            <ondown>10</ondown>
            <posX>71</posX>
            <posY>413</posY>
        </control>
        <control>
            <id>50</id>
            <description>listcontrol</description>
            <type>listcontrol</type>
            <posX>377</posX>
            <posY>157</posY>
            <width>652</width>
            <height>510</height>
            <scrollOffset>2</scrollOffset>
            <spinPosX>1180</spinPosX>
            <scrollOffset>2</scrollOffset>
            <onleft>2</onleft>
			<onright>2</onright>
        </control>
        <control>
            <id>61</id>
            <type>fadelabel</type>
            <posX>376</posX>
            <posY>679</posY>
            <width>650</width>
            <label>#status.label</label>
        </control>
        <control>
            <id>21</id>
            <description>Header</description>
            <type>label</type>
            <posX>376</posX>
            <posY>105</posY>
            <font>font16</font>
            <label>#header.label</label>
        </control>
        <control>
            <id>20</id>
            <description>TvWishListIcon</description>
            <type>image</type>
            <visible>yes</visible>
            <posX>120</posX>
            <posY>506</posY>
            <width>156</width>
            <height>156</height>
            <texture>TvWishList.Icon.png</texture>
        </control>
        
    </controls>
</window>
